{
  "format_version": "1.12",
  "minecraft:recipe_shaped": {
    "description": {
      "identifier": "aspire:ambulance_egg"
    },
    "tags": ["crafting_table"],
    "pattern": ["AAB", "ADG", "CRC"],
    "key": {
      "A": {
        "item": "minecraft:red_concrete"
      },
      "B": {
        "item": "minecraft:oak_slab"
      },
      "C": {
        "item": "minecraft:black_concrete"
      },
      "D": {
        "item": "minecraft:bed"
      },
      "G": {
        "item": "minecraft:glass"
      },
      "R": {
        "item": "minecraft:redstone"
      }
    },
    "result": {
      "item": "aspire:ambulance_spawn_egg",
      "count": 1
    }
  }
}
