{
  "format_version": "1.12",
  "minecraft:recipe_shaped": {
    "description": {
      "identifier": "aspire:car4x4_egg"
    },
    "tags": ["crafting_table"],
    "pattern": ["LA", "ADG", "CRC"],
    "key": {
      "A": {
        "item": "minecraft:gray_concrete"
      },
      "C": {
        "item": "minecraft:black_concrete"
      },
      "D": {
        "item": "minecraft:oak_stairs"
      },
      "G": {
        "item": "minecraft:glass"
      },
      "R": {
        "item": "minecraft:redstone"
      },
      "L": {
        "item": "minecraft:dark_oak_fence"
      }
    },
    "result": {
      "item": "aspire:car4x4_1_spawn_egg",
      "count": 1
    }
  }
}
