{
  "format_version": "1.12",
  "minecraft:recipe_shaped": {
    "description": {
      "identifier": "aspire:police_car_egg"
    },
    "tags": ["crafting_table"],
    "pattern": ["BAK", "ADG", "CRC"],
    "key": {
      "B":{
        "item": "minecraft:blue_stained_glass"
      },
      "K":{
        "item": "minecraft:red_stained_glass"
      },
      "A": {
        "item": "minecraft:gray_concrete"
      },
      "C": {
        "item": "minecraft:black_concrete"
      },
      "D": {
        "item": "minecraft:oak_stairs"
      },
      "G": {
        "item": "minecraft:glass"
      },
      "R": {
        "item": "minecraft:redstone"
      }
    },
    "result": {
      "item": "aspire:police_car_spawn_egg",
      "count": 1
    }
  }
}
