{
  "format_version": "1.12",
  "minecraft:recipe_shaped": {
    "description": {
      "identifier": "aspire:tank_egg"
    },
    "tags": ["crafting_table"],
    "pattern": ["S G", "ADA", "CR"],
    "key": {
      "A": {
        "item": "minecraft:iron_ingot"
      },
      "C": {
        "item": "minecraft:black_concrete"
      },
      "D": {
        "item": "minecraft:oak_stairs"
      },
      "S":{
        "item": "minecraft:dark_oak_slab"
      },
      "G": {
        "item": "minecraft:bow"
      },
      "R": {
        "item": "minecraft:redstone"
      }
    },
    "result": {
      "item": "aspire:tank_spawn_egg",
      "count": 1
    }
  }
}
