{
	"format_version": "1.16.100",
	"minecraft:item": {
		"description": {
			"category": "items",
			"identifier": "simple_vehicles:honk_item"
		},
		"components": {
			"minecraft:creative_category": {
				"parent": "equipment"
			},
			"minecraft:max_stack_size": 1,
			"minecraft:hand_equipped": true,
			"minecraft:durability": {
				"max_durability": 150
			},
			"minecraft:icon": {
				"texture": "simple_vehicles_honk_item"
			},
			"minecraft:enchantable": {
				"value": 14,
				"slot": "sword"
			},
			"minecraft:can_destroy_in_creative": false,
			"minecraft:on_use": {
				"on_use": {
					"event": "simple_vehicles:honk"
				}
			}
		},
		"events": {
			"simple_vehicles:honk": {
				"run_command": {
					"command": [
						"playsound vehicles.horn @a[r=10]"
					]
				}
			}
		}
	}
}