{
	"format_version": "1.10.0",
	"geometry.land_cruiser": {
		"texturewidth": 512,
		"textureheight": 512,
		"visible_bounds_width": 8,
		"visible_bounds_height": 3,
		"visible_bounds_offset": [0, 1.5, 0],
		"bones": [
			{
				"name": "body",
				"pivot": [-1, 16.5, 0],
				"cubes": [
					{"origin": [-22, 34, -18], "size": [42, 2, 58], "uv": [2, 1]},
					{"origin": [-22, 12, 47.4], "size": [42, 9, 3], "uv": [0, 205]},
					{"origin": [-20, 5, -40], "size": [38, 11, 17], "uv": [94, 260]},
					{"origin": [-22, 6, -40], "size": [42, 11, 2], "uv": [0, 436]},
					{"origin": [-22, 6, -23], "size": [42, 11, 2], "uv": [0, 419]},
					{"origin": [-22, 15, -33], "size": [42, 5, 11], "uv": [109, 305]},
					{"origin": [-22, 6, 38], "size": [42, 8, 2], "uv": [0, 266]},
					{"origin": [-22, 13, 23], "size": [42, 2, 25], "uv": [261, 0]},
					{"origin": [-17, 6, -45.2], "size": [33, 11, 4], "uv": [0, 323]},
					{"origin": [-24, 2, -16], "size": [38, 1, 38], "uv": [145, 0]},
					{"origin": [-20, 4, -40], "size": [38, 2, 81], "uv": [0, 62]},
					{"origin": [18, 5, -22], "size": [2, 15, 44], "uv": [0, 146], "mirror": true},
					{"origin": [18, 13, 22], "size": [2, 7, 26], "uv": [0, 220]},
					{"origin": [-20, 6, 22], "size": [38, 6, 17], "uv": [0, 300]},
					{"origin": [-22, 13, 22], "size": [2, 7, 26], "uv": [0, 220]},
					{"origin": [-22, 5, -22], "size": [2, 15, 44], "uv": [0, 146]},
					{"origin": [-14, 3, -16], "size": [26, 1, 38], "uv": [156, 41]},
					{"origin": [-22, 19, 22], "size": [2, 15, 2], "uv": [0, 0]},
					{"origin": [18, 19, 22], "size": [2, 15, 2], "uv": [0, 0]},
					{"origin": [18, 19, 3], "size": [2, 15, 2], "uv": [0, 0]},
					{"origin": [-22, 19, 3], "size": [2, 15, 2], "uv": [0, 0]},
					{"origin": [-20, 5, -13], "size": [38, 9, 16], "uv": [0, 299]},
					{"origin": [-20, 5, 10], "size": [38, 9, 16], "uv": [0, 276]},
					{"origin": [-4, 5, -20], "size": [8, 10, 16], "uv": [0, 300]},
					{"origin": [17, 23, 37.4], "size": [3, 11, 2], "uv": [0, 25]},
					{"origin": [17, 23, 39.4], "size": [3, 10, 2], "uv": [0, 25]},
					{"origin": [17, 19, 42.4], "size": [3, 10, 2], "uv": [0, 26]},
					{"origin": [17, 20, 41.4], "size": [3, 10, 2], "uv": [0, 25]},
					{"origin": [-22, 20, 41.4], "size": [3, 10, 2], "uv": [0, 25]},
					{"origin": [-22, 23, 39.4], "size": [3, 10, 2], "uv": [0, 25]},
					{"origin": [-22, 23, 37.4], "size": [3, 11, 2], "uv": [0, 25]},
					{"origin": [-22, 19, 42.4], "size": [3, 10, 2], "uv": [0, 26]},
					{"origin": [18, 12, 22], "size": [2, 7, 26], "uv": [0, 220]},
					{"origin": [-22, 12, 22], "size": [2, 7, 26], "uv": [0, 220]},
					{"origin": [-22, 4, 39], "size": [42, 8, 11], "uv": [158, 101]},
					{"origin": [-17, 2, -16], "size": [38, 1, 38], "uv": [145, 0]},
					{"origin": [17, 37, -18], "size": [3, 1, 58], "uv": [2, 1]},
					{"origin": [17, 36, -18], "size": [3, 1, 3], "uv": [2, 1]},
					{"origin": [17, 36, -10], "size": [3, 1, 3], "uv": [2, 1]},
					{"origin": [17, 36, -2], "size": [3, 1, 3], "uv": [2, 1]},
					{"origin": [17, 36, 23], "size": [3, 1, 3], "uv": [2, 1]},
					{"origin": [17, 36, 15], "size": [3, 1, 3], "uv": [2, 1]},
					{"origin": [17, 36, 7], "size": [3, 1, 3], "uv": [2, 1]},
					{"origin": [17, 36, 37], "size": [3, 1, 3], "uv": [2, 1]},
					{"origin": [17, 36, 29], "size": [3, 1, 3], "uv": [2, 1]},
					{"origin": [-22, 37, -18], "size": [3, 1, 58], "uv": [2, 1]},
					{"origin": [-22, 36, 23], "size": [3, 1, 3], "uv": [2, 1]},
					{"origin": [-22, 36, 29], "size": [3, 1, 3], "uv": [2, 1]},
					{"origin": [-22, 36, 37], "size": [3, 1, 3], "uv": [2, 1]},
					{"origin": [-22, 36, 15], "size": [3, 1, 3], "uv": [2, 1]},
					{"origin": [-22, 36, 7], "size": [3, 1, 3], "uv": [2, 1]},
					{"origin": [-22, 36, -2], "size": [3, 1, 3], "uv": [2, 1]},
					{"origin": [-22, 36, -10], "size": [3, 1, 3], "uv": [2, 1]},
					{"origin": [-22, 36, -18], "size": [3, 1, 3], "uv": [2, 1]},
					{"origin": [-22, 34, -13], "size": [42, 2, 58], "uv": [2, 1]}
				]
			},
			{
				"name": "body4",
				"parent": "body",
				"pivot": [-1, 24, 51],
				"rotation": [-70, 0, 0],
				"cubes": [
					{"origin": [-22, 20, 38], "size": [3, 2, 16], "uv": [0, 0]},
					{"origin": [17, 20, 38], "size": [3, 2, 16], "uv": [0, 0]},
					{"origin": [17, 16, 36], "size": [3, 2, 18], "uv": [0, 0]},
					{"origin": [-22, 16, 36], "size": [3, 2, 18], "uv": [0, 0]},
					{"origin": [17, 18, 38], "size": [3, 2, 16], "uv": [0, 0]},
					{"origin": [-22, 18, 38], "size": [3, 2, 16], "uv": [0, 0]}
				]
			},
			{
				"name": "body2",
				"parent": "body",
				"pivot": [-1, 25, 51],
				"rotation": [-55, 0, 0],
				"cubes": [
					{"origin": [-22, 4, 59.5], "size": [42, 13, 2], "uv": [0, 252]},
					{"origin": [17, 5, 57.5], "size": [3, 12, 2], "uv": [13, 27]},
					{"origin": [-22, 5, 51.5], "size": [2, 12, 6], "uv": [93, 197]},
					{"origin": [-22, 5, 57.5], "size": [3, 12, 2], "uv": [13, 27]},
					{"origin": [17, 5, 57.5], "size": [3, 12, 2], "uv": [13, 27]},
					{"origin": [18, 5, 51.5], "size": [2, 12, 6], "uv": [93, 197]}
				]
			},
			{
				"name": "windowpart",
				"parent": "body",
				"pivot": [-1, 23, -24],
				"rotation": [60, 0, 0],
				"cubes": [
					{"origin": [-22, 22, -26], "size": [3, 2, 16], "uv": [0, 0]},
					{"origin": [17, 22, -26], "size": [3, 2, 16], "uv": [0, 0]}
				]
			},
			{
				"name": "windowpart2",
				"parent": "body",
				"pivot": [-0.5, 18, -26],
				"rotation": [15, 0, 0],
				"cubes": [
					{"origin": [-22, 19, -40], "size": [42, 3, 18], "uv": [246, 29]},
					{"origin": [-20, 8, -22], "size": [40, 11, 1], "uv": [0, 452]},
					{"origin": [-18, 20, -44], "size": [34, 2, 4], "uv": [0, 361]},
					{"origin": [-22, 16, -41], "size": [42, 3, 9], "uv": [158, 83]},
					{"origin": [-22, 8, -26], "size": [42, 11, 2], "uv": [0, 405]}
				]
			},
			{
				"name": "steer",
				"parent": "body",
				"pivot": [11, 17.7, -20.5],
				"rotation": [20, 0, 0],
				"cubes": [
					{"origin": [6, 11, -19], "size": [10, 2, 1], "uv": [420, 179]},
					{"origin": [14, 12, -19], "size": [2, 8, 1], "uv": [420, 179]},
					{"origin": [8, 18, -19], "size": [6, 2, 1], "uv": [420, 179]},
					{"origin": [6, 12, -19], "size": [2, 8, 1], "uv": [420, 179]},
					{"origin": [10, 14, -21], "size": [2, 3, 3], "uv": [420, 179]}
				]
			},
			{
				"name": "bodyleft",
				"parent": "body",
				"pivot": [18, 11.5, -37.5],
				"rotation": [0, 40, 0],
				"cubes": [
					{"origin": [13.3, 6, -45], "size": [8, 11, 7], "uv": [0, 339], "mirror": true}
				]
			},
			{
				"name": "bodyright",
				"parent": "body",
				"pivot": [-19, 11.5, -38.5],
				"rotation": [0, -40, 0],
				"cubes": [
					{"origin": [-22, 6, -45], "size": [8, 11, 7], "uv": [0, 339]}
				]
			},
			{
				"name": "window0",
				"parent": "body",
				"pivot": [-1, 16.5, 29],
				"rotation": [20, 0, 0],
				"cubes": [
					{"origin": [-22, 13, 21], "size": [2, 7, 27], "uv": [0, 20]},
					{"origin": [18, 13, 21], "size": [2, 7, 27], "uv": [0, 20]}
				]
			},
			{
				"name": "seat",
				"parent": "body",
				"pivot": [-1, 20.5, 2.5],
				"rotation": [-15, 0, 0],
				"cubes": [
					{"origin": [-20, 12, 1], "size": [38, 15, 3], "uv": [108, 288]},
					{"origin": [-20, 17, 21], "size": [38, 15, 3], "uv": [108, 288]},
					{"origin": [-20, 21, 38], "size": [38, 15, 3], "uv": [108, 288]}
				]
			},
			{
				"name": "bottom0",
				"parent": "body",
				"pivot": [-0.5, 6.5, -41.7],
				"rotation": [70, 0, 0],
				"cubes": [
					{"origin": [-17, 3, -43.2], "size": [33, 7, 3], "uv": [28, 349]}
				]
			},
			{
				"name": "leftMirror",
				"parent": "body",
				"pivot": [20.25, 21, -23],
				"rotation": [0, -30, 0],
				"cubes": [
					{"origin": [19, 19, -24], "size": [3, 4, 2], "uv": [38, 301]},
					{"origin": [22, 18, -24], "size": [7, 6, 2], "uv": [27, 0]}
				]
			},
			{
				"name": "rightMirror",
				"parent": "body",
				"pivot": [-23.25, 21, -23],
				"rotation": [0, 30, 0],
				"cubes": [
					{"origin": [-24, 19, -24], "size": [3, 4, 2], "uv": [38, 301]},
					{"origin": [-31, 18, -24], "size": [7, 6, 2], "uv": [27, 0]}
				]
			},
			{
				"name": "lever",
				"parent": "body",
				"pivot": [0, 13.75, -14.5],
				"rotation": [15, 0, 0],
				"cubes": [
					{"origin": [-1, 14, -15], "size": [2, 5, 1], "uv": [506, 190]},
					{"origin": [-1, 18, -15], "size": [2, 2, 1], "uv": [506, 190], "inflate": 0.5}
				]
			},
			{
				"name": "body3",
				"parent": "body",
				"pivot": [-1, 10, 22],
				"rotation": [-35, 0, 0],
				"cubes": [
					{"origin": [-22, 7, 23], "size": [42, 8, 2], "uv": [0, 396]},
					{"origin": [-22, 7, 21], "size": [42, 8, 2], "uv": [0, 396]}
				]
			},
			{
				"name": "leg0",
				"pivot": [0, 6, -30],
				"cubes": [
					{"origin": [18, 1, -34], "size": [2, 1, 8], "uv": [493, 104]},
					{"origin": [18, 2, -26], "size": [2, 8, 1], "uv": [493, 104]},
					{"origin": [18, 2, -35], "size": [2, 8, 1], "uv": [493, 104]},
					{"origin": [18, 10, -34], "size": [2, 1, 8], "uv": [493, 104]},
					{"origin": [18, 0, -33], "size": [2, 1, 6], "uv": [493, 104]},
					{"origin": [18, 11, -33], "size": [2, 1, 6], "uv": [493, 104]},
					{"origin": [18, 3, -25], "size": [2, 6, 1], "uv": [493, 104]},
					{"origin": [18, 3, -36], "size": [2, 6, 1], "uv": [493, 104]},
					{"origin": [18, 2, -34], "size": [2, 8, 8], "uv": [0, 378], "mirror": true}
				]
			},
			{
				"name": "leg4",
				"parent": "leg0",
				"pivot": [-17, 6, -31],
				"cubes": [
					{"origin": [-22, 2, -34], "size": [2, 8, 8], "uv": [0, 378]},
					{"origin": [-22, 1, -34], "size": [2, 1, 8], "uv": [493, 104]},
					{"origin": [-22, 2, -26], "size": [2, 8, 1], "uv": [493, 104]},
					{"origin": [-22, 2, -35], "size": [2, 8, 1], "uv": [493, 104]},
					{"origin": [-22, 10, -34], "size": [2, 1, 8], "uv": [493, 104]},
					{"origin": [-22, 0, -33], "size": [2, 1, 6], "uv": [493, 104]},
					{"origin": [-22, 11, -33], "size": [2, 1, 6], "uv": [493, 104]},
					{"origin": [-22, 3, -25], "size": [2, 6, 1], "uv": [493, 104]},
					{"origin": [-22, 3, -36], "size": [2, 6, 1], "uv": [493, 104]}
				]
			},
			{
				"name": "leg1",
				"pivot": [0, 6, 31],
				"cubes": [
					{"origin": [18, 2, 27], "size": [2, 8, 8], "uv": [0, 378], "mirror": true},
					{"origin": [18, 1, 27], "size": [2, 1, 8], "uv": [493, 169]},
					{"origin": [18, 2, 35], "size": [2, 8, 1], "uv": [493, 169]},
					{"origin": [18, 2, 26], "size": [2, 8, 1], "uv": [493, 169]},
					{"origin": [18, 10, 27], "size": [2, 1, 8], "uv": [493, 169]},
					{"origin": [18, 0, 28], "size": [2, 1, 6], "uv": [493, 169]},
					{"origin": [18, 11, 28], "size": [2, 1, 6], "uv": [493, 169]},
					{"origin": [18, 3, 36], "size": [2, 6, 1], "uv": [493, 169]},
					{"origin": [18, 3, 25], "size": [2, 6, 1], "uv": [493, 169]}
				]
			},
			{
				"name": "leg2",
				"parent": "leg1",
				"pivot": [-21, 6, 31],
				"cubes": [
					{"origin": [-22, 2, 27], "size": [2, 8, 8], "uv": [0, 378]},
					{"origin": [-22, 1, 27], "size": [2, 1, 8], "uv": [493, 169]},
					{"origin": [-22, 2, 35], "size": [2, 8, 1], "uv": [493, 169]},
					{"origin": [-22, 2, 26], "size": [2, 8, 1], "uv": [493, 169]},
					{"origin": [-22, 10, 27], "size": [2, 1, 8], "uv": [493, 169]},
					{"origin": [-22, 0, 28], "size": [2, 1, 6], "uv": [493, 169]},
					{"origin": [-22, 11, 28], "size": [2, 1, 6], "uv": [493, 169]},
					{"origin": [-22, 3, 36], "size": [2, 6, 1], "uv": [493, 169]},
					{"origin": [-22, 3, 25], "size": [2, 6, 1], "uv": [493, 169]}
				]
			}
		]
	}
}