{
	"format_version": "1.10.0",
	"geometry.ranger": {
		"texturewidth": 256,
		"textureheight": 256,
		"visible_bounds_width": 7,
		"visible_bounds_height": 3,
		"visible_bounds_offset": [0, 1.5, 0],
		"bones": [
			{
				"name": "body",
				"pivot": [-1, 16.5, 0],
				"cubes": [
					{"origin": [-16, 4, -24], "size": [32, 1, 64], "uv": [0, 150]},
					{"origin": [-16, 4, -37], "size": [32, 10, 14], "uv": [0, 93], "mirror": true},
					{"origin": [-16, 5, -24], "size": [1, 9, 32], "uv": [189, 75]},
					{"origin": [-11, 15, 9], "size": [22, 11, 2], "uv": [208, 54]},
					{"origin": [-15, 5, 9], "size": [30, 10, 2], "uv": [96, 45]},
					{"origin": [10, 15, 9], "size": [4, 4, 2], "uv": [18.5, 103.5]},
					{"origin": [-12, 3, -16], "size": [24, 1, 32], "uv": [127, 116]},
					{"origin": [-16, 5, 8], "size": [32, 9, 32], "uv": [0, 30]},
					{"origin": [15, 5, -24], "size": [1, 9, 32], "uv": [190, 75]},
					{"origin": [16, 11, 3], "size": [1, 2, 5], "uv": [0, 30]},
					{"origin": [-16, 3, 39], "size": [32, 2, 2], "uv": [0, 251]},
					{"origin": [-4, 11, 40], "size": [9, 2, 1], "uv": [6, 216]},
					{"origin": [-15, 5, 1], "size": [30, 4, 8], "uv": [76, 229]},
					{"origin": [-15, 5, -11], "size": [30, 4, 8], "uv": [0, 229]},
					{"origin": [-17, 5, 24], "size": [34, 8, 14], "uv": [0, 71]},
					{"origin": [-17, 5, -37], "size": [34, 8, 14], "uv": [93, 94]},
					{"origin": [10, 19, 9], "size": [2, 7, 2], "uv": [18.5, 103.5]},
					{"origin": [-12, 19, 9], "size": [2, 7, 2], "uv": [18.5, 103.5]},
					{"origin": [-14, 15, 9], "size": [4, 4, 2], "uv": [18.5, 103.5]},
					{"origin": [16, 11, -9], "size": [1, 2, 5], "uv": [0, 30]},
					{"origin": [-17, 11, -9], "size": [1, 2, 5], "uv": [0, 30]},
					{"origin": [-17, 11, 3], "size": [1, 2, 5], "uv": [0, 30]},
					{"origin": [-15, 6, 1], "size": [30, 4, 8], "uv": [76, 229]},
					{"origin": [-15, 6, -11], "size": [30, 4, 8], "uv": [0, 229]},
					{"origin": [-15.5, 25.5, -11], "size": [24, 1, 29], "uv": [0, 0]},
					{"origin": [-14, 5, 11], "size": [28, 7, 27], "uv": [128, 179]},
					{"origin": [13, 5, 13], "size": [1, 9, 25], "uv": [151, 59]},
					{"origin": [-15, 5, 13], "size": [1, 9, 25], "uv": [151, 59]},
					{"origin": [-11, 2.5, -38], "size": [23, 2.5, 15], "uv": [172, 162], "mirror": true},
					{"origin": [-9, 2.5, -37], "size": [23, 2.5, 15], "uv": [172, 162], "mirror": true},
					{"origin": [-14, 2.5, -37], "size": [23, 2.5, 15], "uv": [172, 162], "mirror": true},
					{"origin": [-14, 2.5, -22], "size": [23, 2.5, 15], "uv": [172, 162], "mirror": true},
					{"origin": [-9, 2.5, -22], "size": [23, 2.5, 15], "uv": [172, 162], "mirror": true},
					{"origin": [-12, 2.5, -7], "size": [23, 2.5, 15], "uv": [172, 162], "mirror": true},
					{"origin": [-16, 2, -24], "size": [32, 1, 40], "uv": [24, 174]},
					{"origin": [0, 5, 12], "size": [13, 8, 26], "uv": [154, 221]},
					{"origin": [-14, 5, 12], "size": [14, 8, 26], "uv": [154, 221]},
					{"origin": [-8.5, 25.5, -11], "size": [24, 1, 29], "uv": [0, 0]}
				]
			},
			{
				"name": "body0",
				"parent": "body",
				"pivot": [-12.5, 9.5, -38.5],
				"rotation": [0, 30, 0],
				"cubes": [
					{"origin": [-16, 5, -40], "size": [7, 9, 3], "uv": [0, 0]}
				]
			},
			{
				"name": "BodyC2",
				"parent": "body0",
				"pivot": [-12.5, 3.5, -38.5],
				"rotation": [40, 0, 0],
				"cubes": [
					{"origin": [-16, 2, -38.5], "size": [7, 4, 3], "uv": [0, 16]}
				]
			},
			{
				"name": "body1",
				"parent": "body",
				"pivot": [12.5, 9.5, -38.5],
				"rotation": [0, -30, 0],
				"cubes": [
					{"origin": [9, 5, -40], "size": [7, 9, 3], "uv": [0, 0], "mirror": true}
				]
			},
			{
				"name": "BodyC1",
				"parent": "body1",
				"pivot": [12.5, 3.5, -38.5],
				"rotation": [40, 0, 0],
				"cubes": [
					{"origin": [9, 2, -38.4], "size": [7, 4, 3], "uv": [0, 16]}
				]
			},
			{
				"name": "bodyT1",
				"parent": "body",
				"pivot": [15.5, 22, -21.5],
				"rotation": [-40, 0, 0],
				"cubes": [
					{"origin": [12.5, 15, -17], "size": [3, 16, 1], "uv": [0, 120.5], "mirror": true}
				]
			},
			{
				"name": "bodyT2",
				"parent": "body",
				"pivot": [-15.5, 22, -21.5],
				"rotation": [-40, 0, 0],
				"cubes": [
					{"origin": [-15.5, 15, -17], "size": [3, 16, 1], "uv": [0, 120.5]}
				]
			},
			{
				"name": "bodyT3",
				"parent": "body",
				"pivot": [-15.5, 19, 9.5],
				"cubes": [
					{"origin": [-14.5, 13.6, 9], "size": [1, 13, 7], "uv": [240, 116]},
					{"origin": [-14.5, 13.6, -13], "size": [1, 13, 22], "uv": [209, 18]},
					{"origin": [-14.5, 13.6, -14], "size": [1, 12, 1], "uv": [0, 128.5]},
					{"origin": [-14.5, 13.6, -16], "size": [1, 9, 2], "uv": [0, 135.5]},
					{"origin": [-14.5, 13.6, -18], "size": [1, 6, 2], "uv": [0, 136]},
					{"origin": [-14.5, 13.6, -20], "size": [1, 3, 2], "uv": [14.5, 102]}
				]
			},
			{
				"name": "bodyT4",
				"parent": "body",
				"pivot": [16.5, 13, 10],
				"cubes": [
					{"origin": [15.4, 13.7, 9], "size": [1, 13, 7], "uv": [239, 136]},
					{"origin": [15.4, 13.7, -13], "size": [1, 13, 22], "uv": [209, 18]},
					{"origin": [15.4, 13.7, -21], "size": [1, 3, 8], "uv": [52, 42]},
					{"origin": [15.4, 13.7, -18], "size": [1, 3, 5], "uv": [41, 88]},
					{"origin": [15.4, 13.7, -16], "size": [1, 3, 3], "uv": [37, 70]},
					{"origin": [15.4, 13.7, -14], "size": [1, 3, 1], "uv": [56, 93]}
				]
			},
			{
				"name": "bodyT01",
				"parent": "body",
				"pivot": [0, 21.5, -14],
				"rotation": [-35, 0, 0],
				"cubes": [
					{"origin": [-13, 10, -16], "size": [26, 16, 1], "uv": [201, 0]}
				]
			},
			{
				"name": "bodyM1",
				"parent": "body",
				"pivot": [15.5, 16, -20],
				"rotation": [0, -20, 0],
				"cubes": [
					{"origin": [15, 14, -21], "size": [7, 4, 2], "uv": [0, 49]}
				]
			},
			{
				"name": "bodyM2",
				"parent": "body",
				"pivot": [-15.5, 16, -20],
				"rotation": [0, 20, 0],
				"cubes": [
					{"origin": [-22, 14, -21], "size": [7, 4, 2], "uv": [0, 49]}
				]
			},
			{
				"name": "bodyB1",
				"parent": "body",
				"pivot": [0, 7.5, -35.5],
				"rotation": [-45, 0, 0],
				"cubes": [
					{"origin": [-10, 1.5, -38], "size": [20, 2, 4], "uv": [96, 30]}
				]
			},
			{
				"name": "bodyB122",
				"parent": "body",
				"pivot": [-1, 16.5, 0],
				"cubes": [
					{"origin": [-10, 5, -41.5], "size": [20, 9, 4], "uv": [128, 58]}
				]
			},
			{
				"name": "body2",
				"parent": "bodyB122",
				"pivot": [0, 12, -24],
				"cubes": [
					{"origin": [-16, 14, -38], "size": [32, 1, 16], "uv": [78, 0]},
					{"origin": [-10, 14, -41.6], "size": [20, 1, 4], "uv": [106, 25]}
				]
			},
			{
				"name": "bodyL",
				"parent": "body2",
				"pivot": [-12.5, 14.5, -38.5],
				"rotation": [0, 30, 0],
				"cubes": [
					{"origin": [-15.5, 14, -39.86603], "size": [7, 1, 3], "uv": [0, 12]}
				]
			},
			{
				"name": "bodyL2",
				"parent": "body2",
				"pivot": [9.5, 14.5, -35.5],
				"rotation": [0, -30, 0],
				"cubes": [
					{"origin": [6.5, 14, -40.86603], "size": [7, 1, 3], "uv": [0, 12]}
				]
			},
			{
				"name": "bodyc23",
				"parent": "body",
				"pivot": [0, 10, -19.5],
				"rotation": [45, 0, 0],
				"cubes": [
					{"origin": [-15, 6, -22], "size": [30, 8, 5], "uv": [0, 215]}
				]
			},
			{
				"name": "body11",
				"parent": "body",
				"pivot": [8, 12, -15],
				"rotation": [15, 0, 0],
				"cubes": [
					{"origin": [4, 10, -16], "size": [8, 8, 2], "uv": [0, 37]},
					{"origin": [7, 13, -21], "size": [2, 2, 8], "uv": [45, 90]}
				]
			},
			{
				"name": "bodyS11",
				"parent": "body",
				"pivot": [0, 15, -9],
				"rotation": [70, 0, 0],
				"cubes": [
					{"origin": [-15, 7, -12], "size": [30, 2, 8], "uv": [0, 241]}
				]
			},
			{
				"name": "bodyS2",
				"parent": "body",
				"pivot": [0, 12, 9],
				"rotation": [70, 0, 0],
				"cubes": [
					{"origin": [-15, 12, 6], "size": [30, 2, 8], "uv": [76, 241]}
				]
			},
			{
				"name": "leg0",
				"pivot": [0, 6, -30],
				"cubes": [
					{"origin": [14, 1, -34], "size": [2, 1, 8], "uv": [235, 247]},
					{"origin": [14, 2, -26], "size": [2, 8, 1], "uv": [235, 247]},
					{"origin": [14, 2, -35], "size": [2, 8, 1], "uv": [235, 247]},
					{"origin": [14, 10, -34], "size": [2, 1, 8], "uv": [235, 247]},
					{"origin": [14, 0, -33], "size": [2, 1, 6], "uv": [235, 247]},
					{"origin": [14, 11, -33], "size": [2, 1, 6], "uv": [235, 247]},
					{"origin": [14, 3, -25], "size": [2, 6, 1], "uv": [235, 247]},
					{"origin": [14, 3, -36], "size": [2, 6, 1], "uv": [235, 247]},
					{"origin": [14, 2, -34], "size": [2, 8, 8], "uv": [235, 225], "mirror": true}
				]
			},
			{
				"name": "leg4",
				"parent": "leg0",
				"pivot": [-17, 6, -31],
				"cubes": [
					{"origin": [-16, 2, -34], "size": [2, 8, 8], "uv": [235, 225]},
					{"origin": [-16, 1, -34], "size": [2, 1, 8], "uv": [235, 247]},
					{"origin": [-16, 2, -26], "size": [2, 8, 1], "uv": [235, 247]},
					{"origin": [-16, 2, -35], "size": [2, 8, 1], "uv": [235, 247]},
					{"origin": [-16, 10, -34], "size": [2, 1, 8], "uv": [235, 247]},
					{"origin": [-16, 0, -33], "size": [2, 1, 6], "uv": [235, 247]},
					{"origin": [-16, 11, -33], "size": [2, 1, 6], "uv": [235, 247]},
					{"origin": [-16, 3, -25], "size": [2, 6, 1], "uv": [235, 247]},
					{"origin": [-16, 3, -36], "size": [2, 6, 1], "uv": [235, 247]}
				]
			},
			{
				"name": "leg1",
				"pivot": [0, 6, 31],
				"cubes": [
					{"origin": [14, 2, 27], "size": [2, 8, 8], "uv": [235, 225], "mirror": true},
					{"origin": [14, 1, 27], "size": [2, 1, 8], "uv": [235, 240]},
					{"origin": [14, 2, 35], "size": [2, 8, 1], "uv": [235, 240]},
					{"origin": [14, 2, 26], "size": [2, 8, 1], "uv": [243, 246]},
					{"origin": [14, 10, 27], "size": [2, 1, 8], "uv": [235, 240]},
					{"origin": [14, 0, 28], "size": [2, 1, 6], "uv": [235, 240]},
					{"origin": [14, 11, 28], "size": [2, 1, 6], "uv": [235, 240]},
					{"origin": [14, 3, 36], "size": [2, 6, 1], "uv": [235, 240]},
					{"origin": [14, 3, 25], "size": [2, 6, 1], "uv": [249, 249]}
				]
			},
			{
				"name": "leg2",
				"parent": "leg1",
				"pivot": [-17, 6, -31],
				"cubes": [
					{"origin": [-16, 2, 27], "size": [2, 8, 8], "uv": [235, 225]},
					{"origin": [-16, 1, 27], "size": [2, 1, 8], "uv": [235, 240]},
					{"origin": [-16, 2, 35], "size": [2, 8, 1], "uv": [235, 246]},
					{"origin": [-16, 2, 26], "size": [2, 8, 1], "uv": [236, 246]},
					{"origin": [-16, 10, 27], "size": [2, 1, 8], "uv": [235, 240]},
					{"origin": [-16, 0, 28], "size": [2, 1, 6], "uv": [235, 240]},
					{"origin": [-16, 11, 28], "size": [2, 1, 6], "uv": [235, 240]},
					{"origin": [-16, 3, 36], "size": [2, 6, 1], "uv": [249, 249]},
					{"origin": [-16, 3, 25], "size": [2, 6, 1], "uv": [236, 249]}
				]
			}
		]
	}
}