{
	"format_version": "1.8.0",
	"animations": {
		"animation.simple_vehicles_classic_helicopter.loop": {
			"loop": true,
			"animation_length": 3,
			"bones": {
				"propeller": {
					"rotation": {
						"0.0": [0, 0, 0],
						"3.0": [0, -1080, 0]
					}
				}
			}
		},
		"animation.simple_vehicles_classic_helicopter.loop_idle": {
			"loop": "hold_on_last_frame",
			"animation_length": 3,
			"bones": {
				"propeller": {
					"rotation": {
						"0.0": [0, 0, 0],
						"3.0": [0, -1080, 0]
					}
				}
			}
		},
		"animation.simple_vehicles_classic_helicopter.off": {
			"animation_length": 3,
			"bones": {
				"propeller": {
					"rotation": {
						"0.0": {
							"post": [0, 360, 0],
							"lerp_mode": "catmullrom"
						},
						"3.0": [0, 0, 0]
					}
				}
			}
		}
	}
}