{
	"format_version": "1.8.0",
	"animations": {
		"animation.police_car.idle": {
			"loop": true,
			"bones": {
				"leg1": {
					"rotation": [0, 0, 0]
				},
				"leg2": {
					"rotation": [0, 0, 0]
				}
			}
		},
		"animation.police_car.move": {
			"loop": true,
			"bones": {
				"bone5": {
					"rotation": [0, "variable.steering / 10 * query.modified_move_speed * 2", 0]
				},
				"leg1": {
					"rotation": ["query.modified_move_speed * -2", 0, 0]
				},
				"leg2": {
					"rotation": ["query.modified_move_speed * -2", 0, 0]
				}
			}
		}
	}
}