{
  "format_version": "1.13.0",
  "minecraft:entity": {
    "description": {
      "identifier": "aspire:limmo",
      "is_spawnable": true,
      "is_summonable": true,
      "is_experimental": false
    },
    "component_groups": {
      "minecraft:minecar": {
        "minecraft:is_tamed": {},
        "minecraft:rideable": {
          "seat_count": 4,
          "crouching_skip_interact": false,
          "family_types": ["player", "villager", "cat", "npc"],
          "interact_text": "Drive",
          "pull_in_entities": true,
          "seats": [
            { "position": [0.5, 0.4, 0.5] },
            { "position": [-5, 0.4, 0.5] },
            { "position": [0.5, 0.4, 1] },
            { "position": [-0.5, 0.4, 1] }
          ]
        }
      },
      "minecraft:bugfixer": {
        "minecraft:timer": {
          "time": [0.1, 0.1],
          "looping": false,
          "time_down_event": {
            "event": "minecraft:bugfix",
            "target": "self"
          }
        }
      },
      "minecraft:horse_saddled": {
        "minecraft:input_ground_controlled": {},
        "minecraft:can_power_jump": {},
        "minecraft:behavior.player_ride_tamed": {}
      }
    },

    "components": {
      "minecraft:scale": {
        "value": 1.5
      },
      "minecraft:equippable": {
        "slots": [
          {
            "slot": 0,
            "item": "aspire:key",
            "accepted_items": ["aspire:key"],
            "on_equip": {
              "event": "minecraft:horse_saddled"
            },
            "on_unequip": {
              "event": "minecraft:horse_unsaddled"
            }
          }
        ]
      },
      "minecraft:type_family": {
        "family": ["aspire", "Xpander"]
      },
      "minecraft:horse.jump_strength": {
        "value": 0.5
      },
      "minecraft:is_chested": {},
      "minecraft:loot": {
        "table": "loot_tables/entities/car.json"
      },
      "minecraft:collision_box": {
        "width": 1.3,
        "height": 0.9
      },
      "minecraft:health": {
        "value": {
          "range_min": 120,
          "range_max": 120
        }
      },
      "minecraft:inventory": {
        "inventory_size": 15,
        "container_type": "horse",
        "private": false
      },
      "minecraft:movement": {
        "value": {
          "range_min": 0.2,
          "range_max": 0.22
        }
      },
      "minecraft:physics": {
        "has_gravity": true
      },
      "minecraft:knockback_resistance": {
        "value": 100,
        "max": 100
      },
      "minecraft:navigation.walk": {
        "can_float": true,
        "avoid_water": false
      },
      "minecraft:movement.basic": {},
      "minecraft:jump.static": {},
      "minecraft:walk_animation_speed": {
        "value": 20
      },
      "minecraft:push_through": {
        "value": 1
      },
      "minecraft:nameable": {}
    },

    "events": {
      "minecraft:entity_spawned": {
        "add": {
          "component_groups": ["minecraft:minecar"]
        }
      },
      "minecraft:horse_saddled": {
        "add": {
          "component_groups": ["minecraft:horse_saddled"]
        }
      },
      "minecraft:horse_unsaddled": {
        "add": {
          "component_groups": ["minecraft:bugfixer"]
        },
        "remove": {
          "component_groups": ["minecraft:horse_saddled"]
        }
      },
      "minecraft:bugfix": {
        "add": {
          "component_groups": ["minecraft:minecar"]
        },
        "remove": {
          "component_groups": ["minecraft:bugfixer"]
        }
      }
    }
  }
}
