{
    "format_version": "1.16.0",
    "minecraft:entity": {
        "description": {
            "identifier": "simple_vehciles:_item_db",
            "is_spawnable": "true",
            "is_summonable": "true",
            "is_experimental": "false"
        },
        "components": {
			"minecraft:collision_box": {
				"width": 0,
				"height": 0
			},
			"minecraft:nameable": {
				"allow_name_tag_renaming": true,
				"always_show": false
			},
			"minecraft:damage_sensor": {
				"triggers": [
					{
						"deals_damage": false
					}
				]
			},
			"minecraft:knockback_resistance": {
				"value": 1
			},
			"minecraft:fire_immune": {},
			"minecraft:pushable": {
				"is_pushable": false,
				"is_pushable_by_piston": false
			},
			"minecraft:persistent": {}
        }
    }
}