{
  "format_version": "1.8.0",
  "minecraft:entity": {
    "description": {
      "identifier": "simple_vehicles:isuzu_dmax_black",
      "is_spawnable": true,
      "is_summonable": true,
      "is_experimental": false
    },
    "component_groups": {
			"minecraft:vehicle": {
      "minecraft:rideable": {
        "seat_count": 4,
        "crouching_skip_interact": true,
        "family_types": [
          "player"
        ],
        "interact_text": "Drive",
        "seats": [
          {
            "position": [
              0.6,
              0.5,
              0.2
            ]
          },
          {
            "position": [
              -0.6,
              0.5,
              0.2
            ],
            "min_rider_count": 0,
            "max_rider_count": 1
          },
          {
            "position": [
              -0.6,
              0.5,
              -0.8
            ],
            "min_rider_count": 0,
            "max_rider_count": 1
          },
          {
            "position": [
              0.6,
              0.5,
              -0.8
            ],
            "min_rider_count": 0,
            "max_rider_count": 1
          }
        ],
        "pull_in_entities": false
      }
			},
			"minecraft:bugfixer": {
				"minecraft:timer": {
					"time": [
						0.1,
						0.1
					],
					"looping": false,
					"time_down_event": {
						"event": "minecraft:bugfix",
						"target": "self"
					}
				}
			},
			"minecraft:horse_saddled": {
				"minecraft:input_ground_controlled": {},
				"minecraft:can_power_jump": {},
				"minecraft:behavior.player_ride_tamed": {}
			}
    },
    "components": {
      "minecraft:type_family": {
        "family": [
          "simple_vehicles",
          "vehicles"
        ]
      },
      "minecraft:collision_box": {
        "height": 1.8,
        "width": 2.8
      },
      "minecraft:movement": {
        "value": 0.35,
        "max": 0.35
      },
      "minecraft:navigation.walk": {
        "can_path_over_water": true
      },
      "minecraft:movement.basic": {},
      "minecraft:jump.static": {},
      "minecraft:health": {
        "value": 50,
        "max": 50
      },
      "minecraft:inventory": {
        "inventory_size": 27,
        "container_type": "horse",
        "private": false
      },
      "minecraft:equippable": {
				"slots": [
					{
						"slot": 0,
						"item": "simple_vehicles:key",
						"accepted_items": [
							"simple_vehicles:key"
						],
						"on_equip": {
							"event": "minecraft:horse_saddled"
						},
						"on_unequip": {
							"event": "minecraft:horse_unsaddled"
						}
					}
				]
			},
      "minecraft:physics": {},
      "minecraft:experience_reward": {
        "on_death": "query.last_hit_by_player ? 10 : 0"
      },
      "minecraft:underwater_movement": {
        "value": 0.03
      },
      "minecraft:scale": {
        "value": 1
      },
      "minecraft:on_death": {
        "event": "on:death",
        "target": "self"
      },
      "minecraft:on_hurt": {
        "event": "on:hurt",
        "target": "self"
      },
      "minecraft:on_hurt_by_player": {
        "event": "on:hurt_by_player",
        "target": "self"
      },
      "minecraft:on_ignite": {
        "event": "on:ignite",
        "target": "self"
      },
      "minecraft:on_target_acquired": {
        "event": "on:target_acquired",
        "target": "self"
      },
      "minecraft:on_target_escape": {
        "event": "on:target_escape",
        "target": "self"
      },
      "minecraft:on_wake_with_owner": {
        "event": "on:wake_with_owner",
        "target": "self"
      },
      "minecraft:loot": {
        "table": "loot_tables/entities/simple_vehicles_isuzu_dmax_black.json"
      }
    },
    "events": {
			"minecraft:entity_spawned": {
				"sequence": [
					{
						"randomize": [
							{
								"weight": 10,
								"add": {
									"component_groups": [
										"minecraft:vehicle"
									]
								}
							}
						]
					}
				]
			},
			"minecraft:horse_saddled": {
				"add": {
					"component_groups": [
						"minecraft:horse_saddled"
					]
				}
			},
			"minecraft:horse_unsaddled": {
				"remove": {
					"component_groups": [
						"minecraft:horse_saddled"
					]
				}
			},
      "on:death": {
        "run_command": {
          "command": []
        }
      },
      "on:hurt": {
        "run_command": {
          "command": []
        }
      },
      "on:hurt_by_player": {
        "run_command": {
          "command": []
        }
      },
      "on:ignite": {
        "run_command": {
          "command": []
        }
      },
      "on:target_acquired": {
        "run_command": {
          "command": []
        }
      },
      "on:target_escape": {
        "run_command": {
          "command": []
        }
      },
      "on:wake_with_owner": {
        "run_command": {
          "command": []
        }
      }
    }
  }
}