{
	"format_version": "1.16.0",
	"minecraft:entity": {
		"description": {
			"identifier": "simple_vehicles:lowrider_v2_blue",
			"is_summonable": true,
			"is_spawnable": true
		},
		"component_groups": {
			"simple_vehicles:car": {
				"minecraft:is_tamed": {},
				"minecraft:equippable": {
					"slots": [
						{
							"slot": 0,
							"item": "simple_vehicles:key",
							"accepted_items": [
								"simple_vehicles:key"
							],
							"on_equip": {
								"event": "minecraft:donkey_saddled",
								"target": "self"
							},
							"on_unequip": {
								"event": "minecraft:donkey_unsaddled",
								"target": "self"
							}
						}
					]
				},
				"minecraft:rideable": {
					"seat_count": 1,
					"family_types": [
						"player"
					],
					"interact_text": "Drive",
					"crouching_skip_interact": false,
					"seats": [
						{
							"position": [
								0.6,
								0.4,
								0.2
							]
						}
					]
				}
			},
			"minecraft:donkey_saddled": {
				"minecraft:is_saddled": {},
				"minecraft:input_ground_controlled": {},
				"minecraft:can_power_jump": {}
			},
			"simple_vehicles:normal_vehicle": {
				"minecraft:mark_variant": {
					"value": 0
				}
			},
			"simple_vehicles:jump1": {
				"minecraft:mark_variant": {
					"value": 1
				}
			}
		},
		"components": {
			"minecraft:type_family": {
				"family": [
					"moto",
					"vespa_primavera"
				]
			},
			"minecraft:interact": {
				"interactions": [
					{
						"on_interact": {
							"filters": {
								"all_of": [
									{
										"test": "is_family",
										"subject": "other",
										"value": "player"
									},
									{
										"test": "is_riding",
										"subject": "other",
										"value": true
									},
									{
										"all_of": [
											{
												"test": "has_equipment",
												"subject": "other",
												"domain": "hand",
												"value": "simple_vehicles:jump1_item"
											}
										]
									}
								],
								"event": "simple_vehicles:jump1_event"
							},
							"use_item": true,
							"interact_text": "Jump!"
						}
					},
					{
						"on_interact": {
							"filters": {
								"all_of": [
									{
										"all_of": [
											{
												"test": "has_equipment",
												"subject": "other",
												"domain": "hand",
												"value": "simple_vehicles:jump_reset"
											}
										]
									},
									{
										"test": "is_family",
										"subject": "other",
										"value": "player"
									},
									{
										"test": "is_riding",
										"subject": "other",
										"value": true
									}
								]
							},
							"target": "self",
							"event": "simple_vehicles:jump_reset"
						},
						"play_sounds": "random.explode",
						"use_item": false,
						"interact_text": "§lStop"
					}
				]
			},
			"minecraft:collision_box": {
				"height": 2.5,
				"width": 2
			},
			"minecraft:horse.jump_strength": {
				"value": 0.35
			},
			"minecraft:movement": {
				"value": 0.35,
				"max": 0.35
			},
			"minecraft:navigation.walk": {
				"can_path_over_water": true
			},
			"minecraft:movement.basic": {},
			"minecraft:jump.static": {},
			"minecraft:health": {
				"value": 50,
				"max": 50
			},
			"minecraft:nameable": {
				"alwaysShow": false,
				"allowNameTagRenaming": false
			},
			"minecraft:fire_immune": true,
			"minecraft:inventory": {
				"inventory_size": 16,
				"container_type": "horse"
			},
			"minecraft:healable": {
				"items": [
					{
						"item": "simple_vehicles:wrench",
						"heal_amount": 100,
						"effects": [
							{
								"name": "absorption",
								"chance": 0.8,
								"duration": 5,
								"amplifier": 5
							}
						]
					}
				]
			},
			"minecraft:physics": {},
			"minecraft:experience_reward": {
				"on_death": "query.last_hit_by_player?10:0"
			},
			"minecraft:underwater_movement": {
				"value": 0.03
			},
			"minecraft:scale": {
				"value": 1
			},
			"minecraft:can_climb": {},
			"minecraft:on_death": {
				"event": "on:death",
				"target": "self"
			},
			"minecraft:on_hurt": {
				"event": "on:hurt",
				"target": "self"
			},
			"minecraft:on_hurt_by_player": {
				"event": "on:hurt_by_player",
				"target": "self"
			},
			"minecraft:on_ignite": {
				"event": "on:ignite",
				"target": "self"
			},
			"minecraft:on_target_acquired": {
				"event": "on:target_acquired",
				"target": "self"
			},
			"minecraft:on_target_escape": {
				"event": "on:target_escape",
				"target": "self"
			},
			"minecraft:loot": {
				"table": "loot_tables/entities/simple_vehicles_car_lowrider_v2_blue.json"
			}
		},
		"events": {
			"minecraft:entity_spawned": {
				"sequence": [
					{
						"randomize": [
							{
								"weight": 80,
								"add": {
									"component_groups": [
										"simple_vehicles:car"
									]
								}
							}
						]
					}
				]
			},
			"simple_vehicles:jump_reset": {
				"remove": {
					"component_groups": [
						"simple_vehicles:jump1"
					]
				}
			},
			"minecraft:donkey_saddled": {
				"add": {
					"component_groups": [
						"minecraft:donkey_saddled"
					]
				}
			},
			"minecraft:donkey_unsaddled": {
				"remove": {
					"component_groups": [
						"minecraft:donkey_saddled"
					]
				}
			},
			"simple_vehicles:jump1_event": {
				"add": {
					"component_groups": [
						"simple_vehicles:jump1"
					]
				}
			}
		}
	}
}