{
  "format_version": "1.8.0",
  "minecraft:entity": {
    "description": {
      "identifier": "simple_vehicles:minicar_red",
      "is_spawnable": true,
      "is_summonable": true,
      "is_experimental": false
    },
    "component_groups": {
			"minecraft:corolla": {
				"minecraft:is_tamed": {},
				"minecraft:equippable": {
					"slots": [
						{
							"slot": 0,
							"item": "simple_vehicles:key",
							"accepted_items": [
								"simple_vehicles:key"
							],
							"on_equip": {
								"event": "minecraft:donkey_saddled",
								"target": "self"
							},
							"on_unequip": {
								"event": "minecraft:donkey_unsaddled",
								"target": "self"
							}
						}
					]
				},
				"minecraft:rideable": {
					"seat_count": 1,
					"crouching_skip_interact": true,
					"family_types": [
						"player"
					],
					"interact_text": "Drive",
					"seats": [
            {
              "position": [
                0.0,
                0.5,
                0.0
              ]
            }
					]
				}
			},
			"minecraft:donkey_saddled": {
				"minecraft:is_saddled": {},
				"minecraft:input_ground_controlled": {},
				"minecraft:can_power_jump": {}
			}
    },
    "components": {
      "minecraft:type_family": {
        "family": [
          "moto",
          "vespa_primavera"
        ]
      },
      "minecraft:collision_box": {
        "height": 0.9,
        "width": 0.5
      },
      "minecraft:fall_damage": {
        "value": 0.0
      },
      "minecraft:movement": {
        "value": 0.35,
        "max": 0.35
      },
      "minecraft:navigation.walk": {
        "can_path_over_water": true
      },
      "minecraft:movement.basic": {},
      "minecraft:jump.static": {},
      "minecraft:health": {
        "value": 50,
        "max": 50
      },
      "minecraft:nameable": {
        "alwaysShow": false,
        "allowNameTagRenaming": false
      },
      "minecraft:fire_immune": true,
			"minecraft:inventory": {
				"inventory_size": 16,
				"container_type": "horse"
			},
			"minecraft:healable": {
				"items": [
					{
						"item": "simple_vehicles:wrench",
						"heal_amount": 100,
						"effects": [
							{
								"name": "absorption",
								"chance": 0.8,
								"duration": 5,
								"amplifier": 5
							}
						]
					}
				]
			},
      "minecraft:physics": {},
      "minecraft:experience_reward": {
        "on_death": "query.last_hit_by_player ? 10 : 0"
      },
      "minecraft:underwater_movement": {
        "value": 0.03
      },
      "minecraft:scale": {
        "value": 1
      },
      "minecraft:can_climb": {},
      "minecraft:on_death": {
        "event": "on:death",
        "target": "self"
      },
      "minecraft:on_hurt": {
        "event": "on:hurt",
        "target": "self"
      },
      "minecraft:on_hurt_by_player": {
        "event": "on:hurt_by_player",
        "target": "self"
      },
      "minecraft:on_ignite": {
        "event": "on:ignite",
        "target": "self"
      },
      "minecraft:on_target_acquired": {
        "event": "on:target_acquired",
        "target": "self"
      },
      "minecraft:on_target_escape": {
        "event": "on:target_escape",
        "target": "self"
      },
      "minecraft:on_wake_with_owner": {
        "event": "on:wake_with_owner",
        "target": "self"
      },
      "minecraft:loot": {
        "table": "loot_tables/entities/simple_vehicles_vespa_primavera.json"
      }
    },
    "events": {
			"minecraft:entity_spawned": {
				"sequence": [
					{
						"randomize": [
							{
								"weight": 80,
								"add": {
									"component_groups": [
										"minecraft:corolla"
									]
								}
							}
						]
					}
				]
			},
			"minecraft:donkey_saddled": {
				"add": {
					"component_groups": [
						"minecraft:donkey_saddled"
					]
				}
			},
			"minecraft:donkey_unsaddled": {
				"remove": {
					"component_groups": [
						"minecraft:donkey_saddled"
					]
				}
			},
      "on:death": {
        "run_command": {
          "command": []
        }
      },
      "on:hurt": {
        "run_command": {
          "command": []
        }
      },
      "on:hurt_by_player": {
        "run_command": {
          "command": []
        }
      },
      "on:ignite": {
        "run_command": {
          "command": []
        }
      },
      "on:target_acquired": {
        "run_command": {
          "command": []
        }
      },
      "on:target_escape": {
        "run_command": {
          "command": []
        }
      },
      "on:wake_with_owner": {
        "run_command": {
          "command": []
        }
      }
    }
  }
}