{
	"format_version": "1.16.0",
	"minecraft:entity": {
		"description": {
			"identifier": "simple_vehicles:grummanllv",
			"is_spawnable": true,
			"is_summonable": true,
			"is_experimental": false
		},
		"component_groups": {
			"simple_vehicles:vehicle": {
				"minecraft:rideable": {
					"controlling_seat": 0,
					"crouching_skip_interact": true,
					"family_types": [
						"player"
					],
					"interact_text": "action.hint.ride.grummanllv",
					"seat_count": 1,
					"seats": [
						{
							"position": [
								-0.4,
								0.6,
								-0.2
							]
						}
					]
				}
			},
			"simple_vehicles:activated": {
				"minecraft:input_ground_controlled": {},
				"minecraft:movement": {
					"value": 0.3
				},
				"minecraft:can_power_jump": {},
				"minecraft:horse.jump_strength": {
					"value": 0.2
				}
			}
		},
		"components": {
			"minecraft:health": {
				"value": 120
			},
			"minecraft:type_family": {
				"family": [
					"vehicles",
					"grummanllv"
				]
			},
			"minecraft:movement.basic": {},
			"minecraft:navigation.generic": {},
			"minecraft:can_climb": {},
			"minecraft:physics": {
				"has_collision": true
			},
			"minecraft:collision_box": {
				"width": 2.6,
				"height": 1
			},
			"minecraft:knockback_resistance": {
				"value": 10
			},
			"minecraft:healable": {
				"items": [
					{
						"item": "simple_vehicles:wrench",
						"heal_amount": 20
					}
				],
				"force_use": true
			},
			"minecraft:behavior.float": {
				"priority": 0
			},
			"minecraft:inventory": {
				"inventory_size": 15,
				"container_type": "horse"
			},
			"minecraft:equippable": {
				"slots": [
					{
						"accepted_items": [
							"simple_vehicles:key"
						],
						"item": "simple_vehicles:key",
						"on_equip": {
							"event": "simple_vehicles:activated",
							"target": "self"
						},
						"on_unequip": {
							"event": "simple_vehicles:deactivated",
							"target": "self"
						}
					}
				]
			},
			"minecraft:pushable": {
				"is_pushable": false,
				"is_pushable_by_piston": true
			},
			"minecraft:damage_sensor": {
				"triggers": [
					{
						"cause": "fall",
						"deals_damage": false
					}
				]
			},
			"minecraft:loot": {
				"table": "loot_tables/entities/grummanllv.json"
			}
		},
		"events": {
			"minecraft:entity_spawned": {
				"add": {
					"component_groups": [
						"simple_vehicles:vehicle"
					]
				}
			},
			"simple_vehicles:activated": {
				"add": {
					"component_groups": [
						"simple_vehicles:activated"
					]
				}
			},
			"simple_vehicles:deactivated": {
				"remove": {
					"component_groups": [
						"simple_vehicles:activated"
					]
				}
			}
		}
	}
}