{
	"format_version": "1.13.0",
	"minecraft:entity": {
		"description": {
			"identifier": "simple_vehicles:jetmax",
			"is_spawnable": true,
			"is_summonable": true,
			"is_experimental": false
		},
		"events": {
			"minecraft:entity_spawned": {
				"sequence": [
					{
						"add": {
							"component_groups": [
								"large_boat"
							]
						}
					}
				]
			},
			"rmplaysmcyt:activated": {
				"add": {
					"component_groups": [
						"saddled"
					]
				}
			},
			"rmplaysmcyt:deactivated": {
				"remove": {
					"component_groups": [
						"saddled"
					]
				}
			}
		},
		"component_groups": {
			"saddled": {
				"minecraft:input_ground_controlled": {},
				"minecraft:behavior.controlled_by_player": {},
				"minecraft:is_saddled": {},
				"minecraft:behavior.player_ride_tamed": {}
			},
			"large_boat": {
				"minecraft:is_tamed": {},
				"minecraft:is_chested": {}
			}
		},
		"components": {
			"minecraft:water_movement": {
				"value": 0.5
			},
			"minecraft:equippable": {
				"slots": [
					{
						"slot": 0,
						"item": "simple_vehicles:key",
						"accepted_items": [
							"simple_vehicles:key"
						],
						"on_equip": {
							"event": "rmplaysmcyt:activated"
						},
						"on_unequip": {
							"event": "rmplaysmcyt:deactivated"
						}
					}
				]
			},
			"minecraft:inventory": {
				"inventory_size": 27,
				"container_type": "horse",
				"restrict_to_owner": false
			},
			"minecraft:movement": {
				"value": 0.1
			},
			"minecraft:underwater_movement": {
				"value": 0.5
			},
			"minecraft:navigation.generic": {},
			"minecraft:movement.basic": {},
			"minecraft:rideable": {
				"seat_count": 4,
				"controlling_seat": 1,
				"rider_can_interact": true,
				"crouching_skip_interact": true,
				"pull_in_entities": true,
				"family_types": [
					"player",
					"villager",
					"captain"
				],
				"interact_text": "action.interact.get_on",
				"seats": [
					{
						"position": [
							0.8,
							0.6,
							-0.1
						]
					},
					{
						"position": [
							-0.8,
							0.6,
							-0.1
						]
					},
					{
						"position": [
							0.6,
							0.8,
							-0.8
						]
					},
					{
						"position": [
							-0.6,
							0.8,
							-0.8
						]
					}
				]
			},
			"minecraft:scale": {
				"value": 0.8
			},
			"minecraft:collision_box": {
				"width": 2,
				"height": 2
			},
			"minecraft:type_family": {
				"family": [
					"vehicle",
					"ferry"
				]
			},
			"minecraft:knockback_resistance": {
				"value": 2
			},
			"minecraft:health": {
				"value": 50,
				"max": 50
			},
			"minecraft:buoyant": {
				"base_buoyancy": 1,
				"apply_gravity": true,
				"simulate_waves": true,
				"big_wave_probability": 0.03,
				"big_wave_speed": 10,
				"liquid_blocks": [
					"minecraft:water",
					"minecraft:flowing_water"
				]
			},
			"minecraft:leashable": {
				"soft_distance": 10,
				"hard_distance": 12,
				"max_distance": 15
			},
			"minecraft:balloonable": {},
			"minecraft:nameable": {},
			"minecraft:physics": {},
			"minecraft:persistent": {},
			"minecraft:pushable": {
				"is_pushable": true,
				"is_pushable_by_piston": true
			},
			"minecraft:loot": {
				"table": "loot_tables/entities/jetmax.json"
			}
		}
	}
}