{
    "format_version": "1.21.100",
    "minecraft:block": {
        "description": {
            "identifier": "simple_vehicles:custom_block",
            "menu_category": {
                "category": "construction", 
                "group": "minecraft:itemGroup.name.concrete", 
                "is_hidden_in_commands": false 
            }
        },
        "components": {
			"minecraft:geometry":{
				"identifier": "geometry.vehicle_workbench"
			},
            "minecraft:material_instances": {
                "*": {
                    "texture": "vehicle_workbench",
                    "render_method": "alpha_test",
                    "isotropic": false
                }
            },
            "minecraft:crafting_table": {
                "crafting_tags": [
                    "vehicle_workbench"
                ],
                "table_name": "crafting_table.name.vehicle_workbench"
            }
		} 
    }
}