{
    "format_version": "1.8.0",
    "minecraft:client_entity": {
        "description": {
            "identifier": "aspire:apv",
            "materials": {
                "default": "aspire"
            },
            "textures": {
                "default": "textures/simple_vehicles_classic/entity/apv"
            },
            "geometry": {
                "default": "geometry.simple_vehicles_classic_apv"
            },
            "animations": {
                "move": "animation.villager.move"
            },
            "animation_controllers": [
                { 
				    "move": "controller.animation.villager.move"
				}
            ],
            "render_controllers": [ "controller.render.apv" ],
            "spawn_egg": {
                "texture": "aspire_vehicles",
                "texture_index": 1
            }
        }
    }
}