{
    "format_version": "1.8.0",
    "minecraft:client_entity": {
        "description": {
            "identifier": "aspire:bus",
            "materials": {
                "default": "witch"
            },
            "textures": {
                "default": "textures/simple_vehicles_classic/entity/bus"
            },
            "geometry": {
                "default": "geometry.simple_vehicles_classic_bus"
            },
            "spawn_egg": {
                "texture": "aspire_vehicles",
                "texture_index": 3
            },
            "animations": {
                "move": "animation.villager.move"
            },
            "animation_controllers": [
                { 
				    "move": "controller.animation.villager.move"
				}
            ],
            "render_controllers":
    		[
                "controller.render.bus"
            ]
        }
    }
}
