{
    "format_version": "1.8.0",
    "minecraft:client_entity": {
        "description": {
            "identifier": "aspire:car4x4_1",
            "materials": {
                "default": "aspire"
            },
            "textures": {
                "default": "textures/simple_vehicles_classic/entity/car4x4_1"
            },
            "geometry": {
                "default": "geometry.simple_vehicles_classic_car4x4_1"
            },
            "animations": {
                "move": "animation.car4x4_1.move"
            },
            "animation_controllers": [
                { 
				    "move": "controller.animation.villager.move"
				}
            ],
            "render_controllers": [ "controller.render.car4x4" ],
            "spawn_egg": {
                "texture": "aspire_vehicles",
                "texture_index": 5
            }
        }
    }
}