{
    "format_version": "1.10.0",
    "minecraft:client_entity": {
        "description": {
            "identifier": "aspire:helicopter",
            "materials": {
                "default": "witch"
            },
            "textures": {
                "default": "textures/simple_vehicles_classic/entity/helicopter"
            },
            "geometry": {
                "default": "geometry.simple_vehicles_classic_helicopter"
            },
            "animations": {
                "loop": "animation.simple_vehicles_classic_helicopter.loop",
                "loop_idle": "animation.simple_vehicles_classic_helicopter.loop_idle",
                "off": "animation.simple_vehicles_classic_helicopter.off",
                "loop_ac": "controller.animation.simple_vehicles_classic_helicopter.loop"
            },
            "scripts": {
                "animate": [
                    "loop_ac"
                ]
            },
            "render_controllers": [ "controller.render.car4x4" ],
            "spawn_egg": {
                "texture": "aspire_vehicles",
                "texture_index": 7
            }
        }
    }
}