{
    "format_version": "1.8.0",
    "minecraft:client_entity": {
        "description": {
			"identifier": "aspire:limmo",
            "materials": {
                "default": "witch"
            },
            "textures": {
                "default": "textures/simple_vehicles_classic/entity/limmo"
            },
            "geometry": {
                "default": "geometry.simple_vehicles_classic_limmo"
            },
            "animations": {
                "move": "animation.villager.move"
            },
            "animation_controllers": [
                { 
				    "move": "controller.animation.villager.move"
				}
            ],
            "render_controllers": [ "controller.render.car4x4" ],
            "spawn_egg": {
                "texture": "aspire_vehicles",
                "texture_index": 8
            }
        }
    }
}