{
    "format_version": "1.10.0",
    "minecraft:client_entity": {
        "description": {
            "identifier": "aspire:mini_bus",
            "materials": {
                "default": "witch"
            },
            "textures": {
                "default": "textures/simple_vehicles_classic/entity/mini_bus"
            },
            "geometry": {
                "default": "geometry.simple_vehicles_classic_mini_bus"
            },
            "spawn_egg": {
                "texture": "aspire_vehicles",
                "texture_index": 9
            },
            "animations": {
                "move": "animation.villager.move",
                "move_ctrl": "controller.animation.villager.move",
                "setup" : "animation.mini_bus.setup"
            },
            "scripts": {
                "animate": [
                    "move_ctrl",
                    "setup"
                ]
            },
            "render_controllers":
    		[
                "controller.render.mini_bus"
            ]
        }
    }
}
