{
    "format_version": "1.8.0",
    "minecraft:client_entity": {
        "description": {
            "identifier": "aspire:ford_mustang",
            "materials": {
                "default": "witch"
            },
            "textures": {
                "red": "textures/simple_vehicles_classic/entity/mustang/mustang_red",
				"blue": "textures/simple_vehicles_classic/entity/mustang"
			},
            "geometry": {
                "default": "geometry.simple_vehicles_classic_mustang"
            },
            "animations": {
                "move": "animation.villager.move"
            },
            "animation_controllers": [
                { 
				    "move": "controller.animation.villager.move"
				}
            ],
            "render_controllers": [ "controller.render.mustang" ],
            "spawn_egg": {
                "texture": "aspire_vehicles",
                "texture_index": 11
            }
        }
    }
}