{
	"format_version": "1.16.100",
	"minecraft:item": {
		"description": {
			"identifier": "simple_vehicles:tire_century_luxury",
			"category": "items"
		},
		"components": {
			"minecraft:max_stack_size": 16,
			"minecraft:stacked_by_data": true,
			"minecraft:ignores_permission": true,
			"minecraft:icon": {
				"texture": "tire_century_luxury"
			},
			"minecraft:render_offsets": {
				"main_hand": {
					"first_person": {
						"scale": [
							0.0039,
							0.0039,
							0.0039
						]
					},
					"third_person": {
						"scale": [
							0.012,
							0.012,
							0.012
						]
					}
				}
			},
			"minecraft:creative_category": {
				"parent": "items"
			}
		},
		"events": {}
	}
}