{
  "format_version": "1.10.0",
  "geometry.simple_vehicles_classic_ambulance": {
    "texturewidth": 1024,
    "textureheight": 512,
    "visible_bounds_width": 13,
    "visible_bounds_height": 5,
    "visible_bounds_offset": [0, 2.5, 0],
    "bones": [
      {
        "name": "body0",
        "pivot": [0.0375, 20.11595, 6.4638],
        "cubes": [
          {
            "origin": [-23.5, 5, -37],
            "size": [1, 20, 25],
            "uv": [236, 150]
          },
          {
            "origin": [-23.5, 25, -14],
            "size": [1, 19, 2],
            "uv": [390, 3]
          },
          {
            "origin": [-23.5, 25, -37],
            "size": [1, 5, 2],
            "uv": [349, 92]
          },
          {
            "origin": [-23.5, 24.8, -38],
            "size": [1, 3, 1],
            "uv": [350, 93]
          },
          {
            "origin": [22.5, 6, -37],
            "size": [1, 19, 25],
            "uv": [236, 150],
            "mirror": true
          },
          {
            "origin": [-23.5, 6, -12],
            "size": [47, 39, 3],
            "uv": [137, 469]
          },
          {
            "origin": [-23.5, 23, -40],
            "size": [47, 2, 4],
            "uv": [0, 0]
          },
          {
            "origin": [-23.5, 5, -59],
            "size": [47, 18, 22],
            "uv": [1, 352]
          },
          {
            "origin": [-23.5, 44, -29],
            "size": [47, 2, 20],
            "uv": [0, 460]
          },
          {
            "origin": [-5.5, 10, 3],
            "size": [16, 11, 40],
            "uv": [144, 339]
          },
          {
            "origin": [-23.5, 9, -8],
            "size": [47, 48, 67],
            "uv": [237, 0]
          },
          {
            "origin": [-22.5, 6, -28],
            "size": [45, 10, 16],
            "uv": [342, 462]
          },
          {
            "origin": [-22.5, 30, -15],
            "size": [45, 6, 3],
            "uv": [0, 437]
          },
          {
            "origin": [-23.5, 4, -62],
            "size": [47, 5, 5],
            "uv": [347, 491],
            "inflate": 1
          },
          {
            "origin": [-24.5, 4, 55],
            "size": [49, 5, 5],
            "uv": [345, 502],
            "inflate": 1
          },
          {
            "origin": [-7.5, 4, -56],
            "size": [16, 2, 19],
            "uv": [28, 330]
          },
          {
            "origin": [-20.5, 9, 4],
            "size": [8, 11, 40],
            "uv": [88, 146]
          },
          {
            "origin": [15.5, 7, -5],
            "size": [4, 45, 40],
            "uv": [0, 118]
          },
          {
            "origin": [-23.5, 10, -8],
            "size": [47, 48, 67],
            "uv": [9, 0],
            "inflate": 1
          },
          {
            "origin": [19.5, 50, -9],
            "size": [3, 1, 1],
            "uv": [326, 510],
            "inflate": 1
          },
          {
            "origin": [8.5, 50, -9],
            "size": [3, 1, 1],
            "uv": [318, 510],
            "inflate": 1
          },
          {
            "origin": [-11.5, 50, -9],
            "size": [3, 1, 1],
            "uv": [318, 510],
            "inflate": 1
          },
          {
            "origin": [-22.5, 50, -9],
            "size": [3, 1, 1],
            "uv": [326, 510],
            "inflate": 1
          },
          {
            "origin": [-1.5, 50, -9],
            "size": [3, 1, 1],
            "uv": [310, 510],
            "inflate": 1
          },
          {
            "origin": [-22.5, 11, 59],
            "size": [3, 1, 1],
            "uv": [379, 0],
            "inflate": 1
          },
          {
            "origin": [-22.5, 15, 59],
            "size": [3, 1, 1],
            "uv": [379, 0],
            "inflate": 1
          },
          {
            "origin": [-22.5, 19, 59],
            "size": [3, 1, 1],
            "uv": [379, 0],
            "inflate": 1
          },
          {
            "origin": [18.5, 19, 59],
            "size": [3, 1, 1],
            "uv": [379, 0],
            "inflate": 1
          },
          {
            "origin": [18.5, 15, 59],
            "size": [3, 1, 1],
            "uv": [379, 0],
            "inflate": 1
          },
          {
            "origin": [18.5, 11, 59],
            "size": [3, 1, 1],
            "uv": [379, 0],
            "inflate": 1
          },
          {
            "origin": [-24, 4, -37],
            "size": [48, 2, 27],
            "uv": [0, 273]
          },
          {
            "origin": [-24.5, 4, -10],
            "size": [48, 2, 70],
            "uv": [0, 203]
          },
          {
            "origin": [-24.5, 6, -10],
            "size": [48, 3, 70],
            "uv": [238, 201]
          },
          {
            "origin": [-24.5, 21.81908, -40.97394],
            "size": [49, 2, 3],
            "uv": [240, 504]
          },
          {
            "origin": [-9.3, 32, 59],
            "size": [6, 8, 1],
            "uv": [477, 265],
            "inflate": 1.5
          }
        ]
      },
      {
        "name": "bone",
        "parent": "body0",
        "pivot": [0, 24.01859, -35.98789],
        "rotation": [5, 0, 0],
        "cubes": [
          {
            "origin": [-23.5, 23.01859, -58.98789],
            "size": [47, 2, 24],
            "uv": [0, 390]
          }
        ]
      },
      {
        "name": "body1",
        "parent": "body0",
        "pivot": [0, 35.07729, -33.32135],
        "rotation": [62.5, 0, 0],
        "cubes": [
          {
            "origin": [-23.5, 34.28775, -45.63741],
            "size": [2, 2, 24],
            "uv": [343, 369]
          },
          {
            "origin": [-21.5, 34.28775, -23.63741],
            "size": [43, 2, 2],
            "uv": [323, 84]
          },
          {
            "origin": [-21.5, 34.28775, -45.63741],
            "size": [43, 2, 2],
            "uv": [322, 408]
          },
          {
            "origin": [21.5, 34.28775, -45.63741],
            "size": [2, 2, 24],
            "uv": [343, 369],
            "mirror": true
          },
          {
            "origin": [-21.5, 35.28775, -45.63741],
            "size": [43, 0, 24],
            "uv": [623, 94]
          }
        ]
      },
      {
        "name": "body2",
        "parent": "body0",
        "pivot": [2.5, 23.29813, 2.57163],
        "rotation": [-40, 0, 0],
        "cubes": [
          {
            "origin": [-5.5, 20.29813, -2.92837],
            "size": [16, 6, 11],
            "uv": [153, 286]
          }
        ]
      },
      {
        "name": "body3",
        "parent": "body0",
        "pivot": [0, 43.89778, -34.22354],
        "rotation": [10, 0, 0],
        "cubes": [
          {
            "origin": [21.5, 42.89778, -40.22354],
            "size": [2, 2, 12],
            "uv": [0, 446]
          },
          {
            "origin": [-23.5, 42.89778, -40.22354],
            "size": [2, 2, 12],
            "uv": [0, 498]
          }
        ]
      },
      {
        "name": "body4",
        "parent": "body0",
        "pivot": [0, 38.5, -39.5],
        "cubes": [
          {
            "origin": [19.5, 35, -40.5],
            "size": [6, 9, 1],
            "uv": [302, 181]
          },
          {
            "origin": [-25.5, 35, -40.5],
            "size": [6, 9, 1],
            "uv": [288, 181]
          }
        ]
      },
      {
        "name": "body5",
        "parent": "body0",
        "pivot": [0, 20.56445, -23.10979],
        "rotation": [-15, 0, 0],
        "cubes": [
          {
            "origin": [-22.5, 14.89778, -18.77646],
            "size": [17, 18, 3],
            "uv": [0, 416]
          },
          {
            "origin": [-22.5, 10.89778, -37.77646],
            "size": [45, 6, 6],
            "uv": [465, 100]
          },
          {
            "origin": [5.5, 14.89778, -18.77646],
            "size": [17, 18, 3],
            "uv": [0, 416]
          }
        ]
      },
      {
        "name": "body6",
        "parent": "body0",
        "pivot": [11.5, 22, -31.75],
        "rotation": [25, 0, 0],
        "cubes": [
          {
            "origin": [9.5, 20, -41],
            "size": [4, 4, 13],
            "uv": [567, 93]
          },
          {
            "origin": [6.5, 17, -28.5],
            "size": [10, 10, 0],
            "uv": [601, 99]
          }
        ]
      },
      {
        "name": "leg0",
        "pivot": [0, 7, -47],
        "cubes": [
          {
            "origin": [-24.5, 2, -52],
            "size": [5, 10, 10],
            "uv": [317, 175],
            "inflate": 0.75,
            "mirror": true
          },
          {
            "origin": [-24.5, 12, -51],
            "size": [5, 1, 8],
            "uv": [349, 183],
            "inflate": 1
          },
          {
            "origin": [-24.5, 3, -53],
            "size": [5, 8, 1],
            "uv": [322, 160],
            "inflate": 1
          },
          {
            "origin": [-24.5, 4, -54],
            "size": [5, 6, 1],
            "uv": [486, 0],
            "inflate": 1
          },
          {
            "origin": [-24.5, 4, -41],
            "size": [5, 6, 1],
            "uv": [487, 0],
            "inflate": 1
          },
          {
            "origin": [-24.5, 13, -50],
            "size": [5, 1, 6],
            "uv": [351, 173],
            "inflate": 1
          },
          {
            "origin": [-24.5, 3, -42],
            "size": [5, 8, 1],
            "uv": [322, 160],
            "inflate": 1
          },
          {
            "origin": [-24.5, 1, -51],
            "size": [5, 1, 8],
            "uv": [349, 183],
            "inflate": 1
          },
          {
            "origin": [-24.5, 0, -50],
            "size": [5, 1, 6],
            "uv": [351, 173],
            "inflate": 1
          },
          {
            "origin": [19.5, 2, -52],
            "size": [5, 10, 10],
            "uv": [317, 175],
            "inflate": 0.75
          },
          {
            "origin": [19.5, 12, -51],
            "size": [5, 1, 8],
            "uv": [349, 183],
            "inflate": 1
          },
          {
            "origin": [19.5, 3, -53],
            "size": [5, 8, 1],
            "uv": [322, 160],
            "inflate": 1
          },
          {
            "origin": [19.5, 4, -54],
            "size": [5, 6, 1],
            "uv": [486, 0],
            "inflate": 1
          },
          {
            "origin": [19.5, 4, -41],
            "size": [5, 6, 1],
            "uv": [487, 0],
            "inflate": 1
          },
          {
            "origin": [19.5, 13, -50],
            "size": [5, 1, 6],
            "uv": [351, 173],
            "inflate": 1
          },
          {
            "origin": [19.5, 3, -42],
            "size": [5, 8, 1],
            "uv": [322, 160],
            "inflate": 1
          },
          {
            "origin": [19.5, 1, -51],
            "size": [5, 1, 8],
            "uv": [349, 183],
            "inflate": 1
          },
          {
            "origin": [19.5, 0, -50],
            "size": [5, 1, 6],
            "uv": [351, 173],
            "inflate": 1
          }
        ]
      },
      {
        "name": "leg1",
        "pivot": [0, 7, 45],
        "cubes": [
          {
            "origin": [-25.5, 2, 40],
            "size": [5, 10, 10],
            "uv": [317, 175],
            "inflate": 0.75,
            "mirror": true
          },
          {
            "origin": [-25.5, 12, 41],
            "size": [5, 1, 8],
            "uv": [349, 183],
            "inflate": 1
          },
          {
            "origin": [-25.5, 3, 39],
            "size": [5, 8, 1],
            "uv": [322, 160],
            "inflate": 1
          },
          {
            "origin": [-25.5, 4, 38],
            "size": [5, 6, 1],
            "uv": [486, 0],
            "inflate": 1
          },
          {
            "origin": [-25.5, 4, 51],
            "size": [5, 6, 1],
            "uv": [487, 0],
            "inflate": 1
          },
          {
            "origin": [-25.5, 13, 42],
            "size": [5, 1, 6],
            "uv": [351, 173],
            "inflate": 1
          },
          {
            "origin": [-25.5, 3, 50],
            "size": [5, 8, 1],
            "uv": [322, 160],
            "inflate": 1
          },
          {
            "origin": [-25.5, 1, 41],
            "size": [5, 1, 8],
            "uv": [349, 183],
            "inflate": 1
          },
          {
            "origin": [-25.5, 0, 42],
            "size": [5, 1, 6],
            "uv": [351, 173],
            "inflate": 1
          },
          {
            "origin": [20.5, 2, 40],
            "size": [5, 10, 10],
            "uv": [317, 175],
            "inflate": 0.75
          },
          {
            "origin": [20.5, 12, 41],
            "size": [5, 1, 8],
            "uv": [349, 183],
            "inflate": 1
          },
          {
            "origin": [20.5, 3, 39],
            "size": [5, 8, 1],
            "uv": [322, 160],
            "inflate": 1
          },
          {
            "origin": [20.5, 4, 38],
            "size": [5, 6, 1],
            "uv": [486, 0],
            "inflate": 1
          },
          {
            "origin": [20.5, 4, 51],
            "size": [5, 6, 1],
            "uv": [487, 0],
            "inflate": 1
          },
          {
            "origin": [20.5, 13, 42],
            "size": [5, 1, 6],
            "uv": [351, 173],
            "inflate": 1
          },
          {
            "origin": [20.5, 3, 50],
            "size": [5, 8, 1],
            "uv": [322, 160],
            "inflate": 1
          },
          {
            "origin": [20.5, 1, 41],
            "size": [5, 1, 8],
            "uv": [349, 183],
            "inflate": 1
          },
          {
            "origin": [20.5, 0, 42],
            "size": [5, 1, 6],
            "uv": [351, 173],
            "inflate": 1
          }
        ]
      },
      {
        "name": "body7",
        "pivot": [-0.0375, 20.11595, 6.4638],
        "cubes": [
          {
            "origin": [22.5, 24.8, -38],
            "size": [1, 3, 1],
            "uv": [349, 92],
            "mirror": true
          },
          {
            "origin": [22.5, 25, -14],
            "size": [1, 19, 2],
            "uv": [390, 3],
            "mirror": true
          },
          {
            "origin": [22.5, 25, -37],
            "size": [1, 5, 2],
            "uv": [349, 92],
            "mirror": true
          },
          {
            "origin": [3.3, 32, 59],
            "size": [6, 8, 1],
            "uv": [477, 265],
            "inflate": 1.5,
            "mirror": true
          }
        ]
      },
      {
        "name": "body8",
        "parent": "body7",
        "pivot": [-11.5, 22, -31.75],
        "rotation": [25, 0, 0]
      }
    ]
  }
}
