{
  "format_version": "1.10.0",
  "geometry.simple_vehicles_classic_apv": {
    "texturewidth": 256,
    "textureheight": 256,
    "visible_bounds_width": 7,
    "visible_bounds_height": 3,
    "visible_bounds_offset": [0, 1.5, 0],
    "bones": [
      {
        "name": "body",
        "pivot": [0.46479, 12.86761, 15.22535],
        "cubes": [
          { "origin": [-16, 3, -29], "size": [32, 1, 71], "uv": [0, 152] },
          { "origin": [-16, 4, -29], "size": [32, 8, 3], "uv": [0, 140] },
          { "origin": [-16, 4, 39], "size": [32, 11, 3], "uv": [0, 125] },
          { "origin": [-16, 4, -13], "size": [2, 11, 52], "uv": [0, 62] },
          {
            "origin": [14, 4, -13],
            "size": [2, 11, 52],
            "uv": [0, 62],
            "mirror": true
          },
          { "origin": [14, 4, -26], "size": [2, 8, 1], "uv": [0, 0] },
          { "origin": [-16, 4, -26], "size": [2, 8, 1], "uv": [0, 0] },
          { "origin": [14, 15, 5], "size": [2, 13, 3], "uv": [20, 21] },
          { "origin": [-16, 15, 5], "size": [2, 13, 3], "uv": [20, 21] },
          { "origin": [-16, 15, 22], "size": [2, 13, 3], "uv": [10, 21] },
          { "origin": [14, 15, 22], "size": [2, 13, 3], "uv": [10, 21] },
          {
            "origin": [15, 15, -7],
            "size": [0, 13, 42],
            "uv": [0, 184],
            "mirror": true
          },
          { "origin": [-16, 15, 37.7], "size": [2, 2, 3], "uv": [0, 21] },
          { "origin": [-16, 15, 35], "size": [2, 7, 3], "uv": [0, 21] },
          { "origin": [14, 15, 35], "size": [2, 7, 3], "uv": [0, 21] },
          { "origin": [14, 15, 37], "size": [2, 4, 3], "uv": [0, 21] },
          { "origin": [-14, 15, -7], "size": [0, 13, 42], "uv": [0, 184] },
          { "origin": [10, 12, 41.5], "size": [5, 2, 1], "uv": [0, 252] },
          { "origin": [-15, 9, -29.5], "size": [5, 2, 1], "uv": [0, 242] },
          { "origin": [-16, 11, -14], "size": [32, 4, 1], "uv": [2, 127] },
          { "origin": [-14, 4, 15], "size": [28, 5, 11], "uv": [136, 167] },
          { "origin": [-14, 4, -3], "size": [28, 5, 11], "uv": [136, 167] },
          {
            "origin": [-3, 4, -11],
            "size": [6, 8, 19],
            "uv": [136, 184],
            "inflate": 0.01
          },
          { "origin": [-12, 4, 26], "size": [24, 5, 11], "uv": [136, 167] },
          { "origin": [-16, 4, -25], "size": [32, 9, 12], "uv": [71, 129] },
          { "origin": [-16, 13, -21], "size": [32, 1, 7], "uv": [83, 247] },
          { "origin": [-16, 14, -17], "size": [32, 1, 7], "uv": [72, 130] },
          {
            "origin": [-16, 3, -31],
            "size": [32, 3, 3],
            "uv": [57, 107],
            "inflate": -0.001
          },
          {
            "origin": [-16, 3, 40],
            "size": [32, 3, 3],
            "uv": [57, 107],
            "inflate": -0.001
          },
          { "origin": [-16, 28, -6.3], "size": [32, 1, 41.3], "uv": [1, 1] },
          { "origin": [-16, 27, 25], "size": [2, 1, 8], "uv": [113, 26] },
          { "origin": [-16, 27, -5], "size": [2, 1, 10], "uv": [123, 26] },
          { "origin": [-16, 27, 8], "size": [2, 1, 14], "uv": [120, 5] },
          {
            "origin": [15, 13, 0],
            "size": [2, 1, 4],
            "uv": [70, 250],
            "mirror": true
          },
          {
            "origin": [15, 13, 17],
            "size": [2, 1, 4],
            "uv": [70, 250],
            "mirror": true
          },
          {
            "origin": [-17, 13, 17],
            "size": [2, 1, 4],
            "uv": [70, 250],
            "mirror": true
          },
          {
            "origin": [-17, 13, 0],
            "size": [2, 1, 4],
            "uv": [70, 250],
            "mirror": true
          },
          { "origin": [-14, 4, 26], "size": [24, 5, 11], "uv": [136, 167] },
          { "origin": [-9, 4, 26], "size": [24, 5, 11], "uv": [136, 167] },
          { "origin": [-9, 8, 26], "size": [24, 5, 11], "uv": [136, 167] },
          { "origin": [-9, 8, 37], "size": [24, 5, 2], "uv": [145, 176] },
          { "origin": [-14, 8, 26], "size": [5, 5, 11], "uv": [136, 167] },
          { "origin": [-14, 8, 37], "size": [5, 5, 2], "uv": [145, 176] },
          { "origin": [-12, 4, 37], "size": [24, 5, 2], "uv": [145, 176] },
          { "origin": [-14, 6, 26], "size": [24, 5, 11], "uv": [136, 167] },
          { "origin": [-16, 14, -17], "size": [32, 1, 7], "uv": [83, 247] },
          { "origin": [-15, 12, 41.5], "size": [5, 2, 1], "uv": [0, 252] },
          { "origin": [10, 9, -29.5], "size": [5, 2, 1], "uv": [0, 242] },
          { "origin": [10, 9, 41.5], "size": [5, 2, 1], "uv": [0, 252] },
          { "origin": [-15, 9, 41.5], "size": [5, 2, 1], "uv": [0, 252] },
          { "origin": [-16, 14, -10], "size": [2, 8, 3], "uv": [57, 0] },
          { "origin": [-16, 14.6, -7], "size": [2, 13, 3], "uv": [31, 21] },
          {
            "origin": [14, 14.6, -7],
            "size": [2, 13, 3],
            "uv": [31, 21],
            "mirror": true
          },
          { "origin": [14, 14, -10], "size": [2, 8, 3], "uv": [57, 0] },
          { "origin": [14, 26.6, 35], "size": [2, 1, 0.5], "uv": [57, 0] },
          { "origin": [-16, 15.6, 33], "size": [2, 13, 2], "uv": [58, 1] },
          { "origin": [-16, 17, 36.7], "size": [2, 2, 3], "uv": [0, 21] },
          { "origin": [-16, 19, 35.7], "size": [2, 2, 3], "uv": [0, 21] },
          { "origin": [-16, 22, 34.7], "size": [2, 2, 3], "uv": [0, 21] },
          { "origin": [-16, 23, 33.7], "size": [2, 2, 3], "uv": [0, 21] },
          { "origin": [14, 22, 34.7], "size": [2, 2, 3], "uv": [0, 21] },
          { "origin": [14, 23, 33.7], "size": [2, 2, 3], "uv": [0, 21] },
          { "origin": [14, 15, 35], "size": [2, 7, 3], "uv": [0, 21] },
          { "origin": [14, 19, 35.7], "size": [2, 2, 3], "uv": [0, 21] },
          { "origin": [14, 17, 36.7], "size": [2, 2, 3], "uv": [0, 21] },
          { "origin": [14, 15, 37.7], "size": [2, 2, 3], "uv": [0, 21] },
          { "origin": [-16, 14.6, 33], "size": [2, 12, 3], "uv": [57, 0] },
          { "origin": [-16, 26.6, 35], "size": [2, 1, 0.5], "uv": [60, 3] },
          { "origin": [14, 15.6, 33], "size": [2, 13, 2], "uv": [58, 1] }
        ]
      },
      {
        "name": "body2",
        "parent": "body",
        "pivot": [0, 13.5, -8],
        "rotation": [15, 0, 0],
        "cubes": [
          {
            "origin": [-16, 16.36465, -28.55704],
            "size": [32, 1, 16],
            "uv": [160, 8],
            "inflate": 0.001
          }
        ]
      },
      {
        "name": "body3",
        "parent": "body",
        "pivot": [0, 12.5, 8],
        "rotation": [60, 0, 0],
        "cubes": [
          {
            "origin": [14, 33.13416, -0.86058],
            "size": [2, -3, 16],
            "uv": [0, 0],
            "inflate": -0.001
          },
          {
            "origin": [-16, 31.25833, -0.5],
            "size": [32, 0, 16],
            "uv": [148, 26]
          },
          {
            "origin": [-16, 33.13416, -0.86058],
            "size": [2, -3, 16],
            "uv": [0, 0],
            "inflate": -0.001
          },
          {
            "origin": [-14, 32.13416, 12.13942],
            "size": [28, 1, 3],
            "uv": [67, 45]
          }
        ]
      },
      {
        "name": "body4",
        "parent": "body",
        "pivot": [0, 15.03915, 41.1659],
        "rotation": [26, 0, 0],
        "cubes": [
          {
            "origin": [-16, 14.65116, 40.90531],
            "size": [32, 15, 1],
            "uv": [161, 25]
          },
          {
            "origin": [14, 14.65116, 40.90531],
            "size": [2, 15, 1],
            "uv": [65, 15]
          },
          {
            "origin": [-16, 14.65116, 40.90531],
            "size": [2, 15, 1],
            "uv": [65, 15]
          },
          {
            "origin": [-16, 29.29003, 40.74406],
            "size": [32, 1, 1],
            "uv": [56, 120]
          },
          {
            "origin": [-16, 29.29003, 40.74406],
            "size": [32, 1, 1],
            "uv": [56, 120],
            "mirror": true
          }
        ]
      },
      {
        "name": "bone",
        "parent": "body4",
        "pivot": [0, 29.79003, 41.44406],
        "rotation": [11, 0, 0],
        "cubes": [
          {
            "origin": [-16, 29.5657, 40.87033],
            "size": [32, 0.6, 1],
            "uv": [56, 120]
          }
        ]
      },
      {
        "name": "body5",
        "parent": "body",
        "pivot": [19.5, 18, -12],
        "rotation": [0, -25, 0],
        "cubes": [
          { "origin": [16, 16, -10], "size": [7, 4, 2], "uv": [66, 50] }
        ]
      },
      {
        "name": "body6",
        "parent": "body",
        "pivot": [-19.5, 18, -10],
        "rotation": [0, 25, 0],
        "cubes": [
          { "origin": [-23, 16, -11], "size": [7, 4, 2], "uv": [66, 50] }
        ]
      },
      {
        "name": "body7",
        "parent": "body",
        "pivot": [0, 14.5, 15],
        "rotation": [-15, 0, 0],
        "cubes": [
          { "origin": [-14, 11, 22], "size": [28, 11, 2], "uv": [135, 154] },
          { "origin": [-14, 7, 6], "size": [28, 11, 2], "uv": [135, 154] }
        ]
      },
      {
        "name": "body8",
        "parent": "body",
        "pivot": [0, 13.5, -9.5],
        "rotation": [-45, 0, 0],
        "cubes": [
          { "origin": [-14, 13.7, -13], "size": [28, 1, 7], "uv": [87, 239] },
          { "origin": [-16, 12, -13], "size": [32, 1, 7], "uv": [83, 247] },
          { "origin": [-16, 13, -13], "size": [32, 1, 7], "uv": [83, 247] }
        ]
      },
      {
        "name": "body9",
        "parent": "body",
        "pivot": [8.5, 13.75, -9.5],
        "rotation": [-65, 0, 0],
        "cubes": [
          { "origin": [6.5, 12, -11.5], "size": [4, 6, 4], "uv": [104, 247] },
          { "origin": [5, 16, -13], "size": [7, 1, 7], "uv": [106, 176] }
        ]
      },
      {
        "name": "leg0",
        "pivot": [0, 6, -19],
        "cubes": [
          { "origin": [13, 2, -15], "size": [3, 8, 1], "uv": [104, 173] },
          { "origin": [13, 1, -23], "size": [3, 1, 8], "uv": [103, 170] },
          { "origin": [13, 10, -23], "size": [3, 1, 8], "uv": [103, 170] },
          {
            "origin": [13, 2, -23],
            "size": [3, 8, 8],
            "uv": [15, 239],
            "mirror": true
          },
          { "origin": [13, 2, -24], "size": [3, 8, 1], "uv": [104, 173] },
          { "origin": [13, 3, -25], "size": [3, 6, 1], "uv": [104, 173] },
          { "origin": [13, 0, -22], "size": [3, 1, 6], "uv": [103, 170] },
          { "origin": [13, 3, -14], "size": [3, 6, 1], "uv": [104, 173] },
          { "origin": [13, 11, -22], "size": [3, 1, 6], "uv": [103, 170] },
          { "origin": [-16, 1, -23], "size": [3, 1, 8], "uv": [103, 170] },
          { "origin": [-16, 10, -23], "size": [3, 1, 8], "uv": [103, 170] },
          { "origin": [-16, 2, -23], "size": [3, 8, 8], "uv": [15, 239] },
          { "origin": [-16, 2, -24], "size": [3, 8, 1], "uv": [104, 173] },
          { "origin": [-16, 3, -25], "size": [3, 6, 1], "uv": [104, 173] },
          { "origin": [-16, 0, -22], "size": [3, 1, 6], "uv": [103, 170] },
          { "origin": [-16, 3, -14], "size": [3, 6, 1], "uv": [104, 173] },
          { "origin": [-16, 11, -22], "size": [3, 1, 6], "uv": [103, 170] },
          { "origin": [-16, 2, -15], "size": [3, 8, 1], "uv": [104, 173] }
        ]
      },
      {
        "name": "leg1",
        "pivot": [0, 6, 32],
        "cubes": [
          { "origin": [-16, 2, 36], "size": [3, 8, 1], "uv": [104, 173] },
          { "origin": [-16, 1, 28], "size": [3, 1, 8], "uv": [103, 170] },
          { "origin": [-16, 10, 28], "size": [3, 1, 8], "uv": [103, 170] },
          { "origin": [-16, 2, 28], "size": [3, 8, 8], "uv": [15, 239] },
          { "origin": [-16, 2, 27], "size": [3, 8, 1], "uv": [104, 173] },
          { "origin": [-16, 3, 26], "size": [3, 6, 1], "uv": [104, 173] },
          { "origin": [-16, 0, 29], "size": [3, 1, 6], "uv": [103, 170] },
          { "origin": [-16, 3, 37], "size": [3, 6, 1], "uv": [104, 173] },
          { "origin": [-16, 11, 29], "size": [3, 1, 6], "uv": [103, 170] },
          { "origin": [13, 2, 36], "size": [3, 8, 1], "uv": [104, 173] },
          { "origin": [13, 1, 28], "size": [3, 1, 8], "uv": [103, 170] },
          { "origin": [13, 10, 28], "size": [3, 1, 8], "uv": [103, 170] },
          {
            "origin": [13, 2, 28],
            "size": [3, 8, 8],
            "uv": [15, 239],
            "mirror": true
          },
          { "origin": [13, 2, 27], "size": [3, 8, 1], "uv": [104, 173] },
          { "origin": [13, 3, 26], "size": [3, 6, 1], "uv": [104, 173] },
          { "origin": [13, 0, 29], "size": [3, 1, 6], "uv": [103, 170] },
          { "origin": [13, 3, 37], "size": [3, 6, 1], "uv": [104, 173] },
          { "origin": [13, 11, 29], "size": [3, 1, 6], "uv": [103, 170] }
        ]
      },
      {
        "name": "body10",
        "pivot": [-0.46479, 12.86761, 15.22535],
        "cubes": [
          {
            "origin": [14, 14.6, 33],
            "size": [2, 12, 3],
            "uv": [57, 0],
            "mirror": true
          },
          {
            "origin": [14, 27, 8],
            "size": [2, 1, 14],
            "uv": [120, 5],
            "mirror": true
          },
          {
            "origin": [14, 27, -5],
            "size": [2, 1, 10],
            "uv": [123, 26],
            "mirror": true
          },
          {
            "origin": [14, 27, 25],
            "size": [2, 1, 8],
            "uv": [113, 26],
            "mirror": true
          }
        ]
      }
    ]
  }
}
