{
  "format_version": "1.10.0",
  "geometry.simple_vehicles_classic_aquatopia": {
    "texturewidth": 288,
    "textureheight": 288,
    "visible_bounds_width": 4,
    "visible_bounds_height": 5,
    "visible_bounds_offset": [0, 2.5, 0],
    "bones": [
      {
        "name": "body",
        "pivot": [0, 0, 0],
        "rotation": [90, 0, 0],
        "cubes": [
          {
            "origin": [-17, -17, 4],
            "size": [34, 34, 5],
            "uv": [131, 35],
            "inflate": 2.4
          },
          {
            "origin": [-12, -20, 4],
            "size": [24, 6, 5],
            "uv": [230, 76],
            "inflate": 2.4
          },
          {
            "origin": [-12, 14, 4],
            "size": [24, 6, 5],
            "uv": [230, 88],
            "inflate": 2.4
          },
          { "origin": [-17, -17, 0.7], "size": [34, 34, 1], "uv": [218, 101] },
          { "origin": [-12, -20, 0.7], "size": [24, 6, 1], "uv": [238, 129] },
          { "origin": [-12, 14, 0.7], "size": [24, 6, 1], "uv": [0, 84] },
          {
            "origin": [-13, -12, 10.3],
            "size": [26, 24, 1],
            "uv": [234, 9],
            "inflate": 1.6
          },
          {
            "origin": [-11, -13.5, 10.3],
            "size": [22, 3, 1],
            "uv": [0, 92],
            "inflate": 1.6
          },
          {
            "origin": [-11, 9.5, 10.7],
            "size": [22, 3, 1],
            "uv": [242, 59],
            "inflate": 1.6
          },
          {
            "origin": [-12, -12, 14.4],
            "size": [24, 1, 17],
            "uv": [0, 23],
            "inflate": 1.6
          },
          {
            "origin": [-10, -12, 26.3],
            "size": [20, 1, 8],
            "uv": [0, 66],
            "inflate": 1.6
          },
          {
            "origin": [-5.5, -13.7, 13],
            "size": [11, 1, 1],
            "uv": [0, 384],
            "inflate": 1.6
          },
          {
            "origin": [-5.5, -13.5, 13.3],
            "size": [11, 1, 15],
            "uv": [0, 272],
            "inflate": 1.6
          },
          {
            "origin": [-4.5, -13.5, 28.3],
            "size": [9, 1, 1],
            "uv": [0, 384],
            "inflate": 1.6
          },
          {
            "origin": [-2, -14.5, 14.3],
            "size": [4, 1, 8],
            "uv": [0, 116],
            "inflate": 1.6
          },
          {
            "origin": [-1, -14.5, 22.3],
            "size": [2, 1, 1],
            "uv": [0, 120],
            "inflate": 1.6
          },
          {
            "origin": [-2, -16.8, 19.1],
            "size": [4, 1, 1],
            "uv": [0, 192],
            "inflate": -0.3
          },
          {
            "origin": [-2, -16.8, 22.5],
            "size": [4, 1, 1],
            "uv": [0, 192],
            "inflate": -0.3
          },
          {
            "origin": [-2.2, -16.8, 19.3],
            "size": [1, 1, 4],
            "uv": [0, 192],
            "inflate": -0.3
          },
          {
            "origin": [1.2, -16.8, 19.3],
            "size": [1, 1, 4],
            "uv": [0, 192],
            "inflate": -0.3
          },
          {
            "origin": [-2, -18, 20.8],
            "size": [4, 1, 1],
            "uv": [0, 192],
            "inflate": -0.4
          },
          {
            "origin": [-0.5, -18, 19.3],
            "size": [1, 1, 4],
            "uv": [0, 192],
            "inflate": -0.4
          },
          {
            "origin": [-2.1, -18, 20.8],
            "size": [1, 4, 1],
            "uv": [0, 192],
            "inflate": -0.4
          },
          {
            "origin": [1.1, -18, 20.8],
            "size": [1, 4, 1],
            "uv": [0, 192],
            "inflate": -0.4
          },
          {
            "origin": [-0.5, -18, 19.2],
            "size": [1, 4, 1],
            "uv": [0, 192],
            "inflate": -0.4
          },
          {
            "origin": [-0.5, -18, 22.5],
            "size": [1, 4, 1],
            "uv": [0, 192],
            "inflate": -0.4
          },
          {
            "origin": [-2, -17.7, 19.3],
            "size": [4, 4, 4],
            "uv": [0, 320],
            "inflate": -0.5
          },
          {
            "origin": [-2, -18.3, 19.3],
            "size": [4, 4, 4],
            "uv": [0, 320],
            "inflate": -0.9
          },
          {
            "origin": [-1, -13.4, 34.4],
            "size": [2, 2, 2],
            "uv": [265, 22],
            "inflate": -0.1
          },
          {
            "origin": [-1, -13.4, 35],
            "size": [2, 2, 2],
            "uv": [236, 121],
            "inflate": -0.3
          },
          { "origin": [-2, -11.7, 36.8], "size": [4, 1, 1], "uv": [0, 320] },
          {
            "origin": [-0.5, -12.4, 36.1],
            "size": [1, 2, 2],
            "uv": [248, 125],
            "inflate": -0.2
          },
          {
            "origin": [1, -11.7, 36.8],
            "size": [2, 1, 1],
            "uv": [0, 512],
            "inflate": 0.1
          },
          {
            "origin": [-3, -11.7, 36.8],
            "size": [2, 1, 1],
            "uv": [0, 545],
            "inflate": 0.1
          },
          {
            "origin": [-2.1, -16.1, 15.3],
            "size": [1, 1, 1],
            "uv": [0, 192],
            "inflate": 0.7
          },
          {
            "origin": [1.1, -16.1, 15.3],
            "size": [1, 1, 1],
            "uv": [0, 192],
            "inflate": 0.7
          },
          {
            "origin": [-2.1, -16.9, 15.3],
            "size": [1, 1, 1],
            "uv": [284, 120],
            "inflate": 0.1
          },
          {
            "origin": [1.1, -16.9, 15.3],
            "size": [1, 1, 1],
            "uv": [284, 120],
            "inflate": 0.1
          },
          {
            "origin": [-5.5, -15.1, 15.3],
            "size": [1, 1, 1],
            "uv": [0, 97],
            "inflate": 0.6
          },
          {
            "origin": [4.5, -15.1, 15.3],
            "size": [1, 1, 1],
            "uv": [0, 97],
            "inflate": 0.6
          },
          { "origin": [-5.5, -16, 15.3], "size": [1, 1, 1], "uv": [284, 120] },
          { "origin": [4.5, -16, 15.3], "size": [1, 1, 1], "uv": [284, 120] },
          {
            "origin": [-13.7, -10, 17.3],
            "size": [1, 2, 2],
            "uv": [0, 256],
            "inflate": 0.6
          },
          {
            "origin": [12.7, -10, 17.3],
            "size": [1, 2, 2],
            "uv": [0, 256],
            "inflate": 0.6
          },
          {
            "origin": [-13.8, -11, 16.3],
            "size": [1, 4, 4],
            "uv": [19, 5],
            "inflate": 0.1
          },
          {
            "origin": [12.8, -11, 16.3],
            "size": [1, 4, 4],
            "uv": [19, 5],
            "inflate": 0.1
          },
          {
            "origin": [-12, -8.5, 39.7],
            "size": [24, 1, 1],
            "uv": [49, 0],
            "inflate": 0.7
          },
          {
            "origin": [-6, -11.2, 35.7],
            "size": [1, 1, 4],
            "uv": [0, 128],
            "inflate": 0.1
          },
          {
            "origin": [5, -11.2, 35.7],
            "size": [1, 1, 4],
            "uv": [0, 128],
            "inflate": 0.1
          },
          {
            "origin": [-6, -10, 39.1],
            "size": [1, 1, 1],
            "uv": [0, 128],
            "inflate": 0.1
          },
          {
            "origin": [5, -10, 39.1],
            "size": [1, 1, 1],
            "uv": [0, 128],
            "inflate": 0.1
          },
          {
            "origin": [-11, -11, 16.3],
            "size": [22, 1, 15],
            "uv": [0, 7],
            "inflate": 1.6
          },
          {
            "origin": [-11, -9, 31.3],
            "size": [22, 1, 5],
            "uv": [0, 0],
            "inflate": 0.8
          },
          {
            "origin": [-12, -8.4, 13.9],
            "size": [24, 4, 3],
            "uv": [0, 76],
            "inflate": 1.8
          },
          {
            "origin": [-12, -10.5, 14],
            "size": [24, 2, 2],
            "uv": [0, 128],
            "inflate": 1.8
          },
          {
            "origin": [-13.2, -5.5, 13.1],
            "size": [1, 5, 6],
            "uv": [0, 42],
            "inflate": 0.4
          },
          {
            "origin": [12.2, -5.5, 13.1],
            "size": [1, 5, 6],
            "uv": [0, 42],
            "inflate": 0.4
          },
          {
            "origin": [-13, -9.5, 25.3],
            "size": [1, 7, 1],
            "uv": [0, 128],
            "inflate": 0.2
          },
          {
            "origin": [12, -9.5, 25.3],
            "size": [1, 7, 1],
            "uv": [0, 128],
            "inflate": 0.2
          },
          {
            "origin": [-11, -7.8, 18.3],
            "size": [22, 8, 1],
            "uv": [240, 0],
            "inflate": 0.7
          },
          {
            "origin": [-9, -13.2, 33.3],
            "size": [1, 1, 23],
            "uv": [0, 41],
            "inflate": 0.5
          },
          {
            "origin": [-9, -13.2, 57.1],
            "size": [1, 1, 1],
            "uv": [108, 0],
            "inflate": 0.6
          },
          {
            "origin": [-9.5, -13.7, 56.9],
            "size": [2, 2, 1],
            "uv": [282, 131],
            "inflate": 0.4
          },
          {
            "origin": [-10.5, -14.7, 56.3],
            "size": [4, 4, 1],
            "uv": [235, 114],
            "inflate": -0.2
          },
          {
            "origin": [-9, -13.2, 32.3],
            "size": [1, 1, 2],
            "uv": [1, 58],
            "inflate": 0.9
          },
          {
            "origin": [-9, -13.2, 32.9],
            "size": [1, 1, 2],
            "uv": [1, 58],
            "inflate": 0.7
          },
          {
            "origin": [-9, 10, 14],
            "size": [18, 4, 4],
            "uv": [244, 137],
            "inflate": 1
          },
          {
            "origin": [-10, 11, 15],
            "size": [20, 2, 2],
            "uv": [0, 448],
            "inflate": 1
          },
          {
            "origin": [-5.5, 8.5, 12.4],
            "size": [1, 7, 7],
            "uv": [0, 138],
            "inflate": -0.1
          },
          {
            "origin": [4.5, 8.5, 12.4],
            "size": [1, 7, 7],
            "uv": [0, 138],
            "inflate": -0.1
          },
          {
            "origin": [-0.5, 8.5, 12.4],
            "size": [1, 7, 2],
            "uv": [0, 256],
            "inflate": -0.1
          },
          {
            "origin": [-11.5, 7.1, 25.6],
            "size": [1, 4, 1],
            "uv": [0, 320],
            "inflate": -0.2
          },
          {
            "origin": [10.5, 7.1, 25.6],
            "size": [1, 4, 1],
            "uv": [0, 320],
            "inflate": -0.2
          },
          {
            "origin": [-11.5, 8.1, 23.9],
            "size": [1, 3, 1],
            "uv": [0, 320],
            "inflate": -0.2
          },
          {
            "origin": [10.5, 8.1, 23.9],
            "size": [1, 3, 1],
            "uv": [0, 320],
            "inflate": -0.2
          },
          {
            "origin": [-11.5, 9.1, 22.1],
            "size": [1, 2, 1],
            "uv": [0, 320],
            "inflate": -0.2
          },
          {
            "origin": [10.5, 9.1, 22.1],
            "size": [1, 2, 1],
            "uv": [0, 320],
            "inflate": -0.2
          },
          {
            "origin": [-11.5, 10.1, 25.6],
            "size": [23, 1, 1],
            "uv": [0, 320],
            "inflate": -0.2
          },
          {
            "origin": [-11.5, 10.7, 23.9],
            "size": [23, 1, 1],
            "uv": [0, 320],
            "inflate": -0.2
          },
          {
            "origin": [-11.5, 10.5, 22.1],
            "size": [23, 1, 1],
            "uv": [0, 320],
            "inflate": -0.2
          },
          {
            "origin": [-11.5, 7.6, 25.6],
            "size": [1, 1, 2],
            "uv": [0, 320],
            "inflate": -0.2
          },
          {
            "origin": [10.5, 7.6, 25.6],
            "size": [1, 1, 2],
            "uv": [0, 320],
            "inflate": -0.2
          },
          {
            "origin": [-11.5, 7.6, 26.8],
            "size": [23, 1, 1],
            "uv": [0, 320],
            "inflate": -0.2
          },
          {
            "origin": [-4, 7.8, 26.6],
            "size": [1, 2, 1],
            "uv": [0, 320],
            "inflate": -0.2
          },
          {
            "origin": [3, 7.8, 26.6],
            "size": [1, 2, 1],
            "uv": [0, 320],
            "inflate": -0.2
          },
          {
            "origin": [-1, 12, 15],
            "size": [2, 4, 2],
            "uv": [0, 99],
            "inflate": 1
          }
        ]
      },
      {
        "name": "bone",
        "parent": "body",
        "pivot": [0, -1.67365, 22.98481],
        "rotation": [-17.5, 0, 0],
        "cubes": [
          {
            "origin": [-13, -2.38414, 18.31721],
            "size": [1, 1, 8],
            "uv": [0, 128],
            "inflate": 0.2
          },
          {
            "origin": [12, -2.38414, 18.31721],
            "size": [1, 1, 8],
            "uv": [0, 128],
            "inflate": 0.2
          }
        ]
      },
      {
        "name": "body181",
        "pivot": [0, 17, -9.53333],
        "rotation": [55, 0, 0],
        "cubes": [
          {
            "origin": [-11.5, 18.5985, -12.57341],
            "size": [1, 1, 16],
            "uv": [0, 320],
            "inflate": 0.2
          },
          {
            "origin": [10.5, 18.5985, -12.57341],
            "size": [1, 1, 16],
            "uv": [0, 320],
            "inflate": 0.2
          },
          {
            "origin": [-4, 22.9985, -3.27341],
            "size": [1, 1, 2],
            "uv": [0, 320],
            "inflate": -0.2
          },
          {
            "origin": [3, 22.9985, -3.27341],
            "size": [1, 1, 2],
            "uv": [0, 320],
            "inflate": -0.2
          },
          {
            "origin": [-11.5, 18.5985, -1.57341],
            "size": [1, 3, 1],
            "uv": [0, 320],
            "inflate": -0.2
          },
          {
            "origin": [10.5, 18.5985, -1.57341],
            "size": [1, 3, 1],
            "uv": [0, 320],
            "inflate": -0.2
          },
          {
            "origin": [-11.5, 18.2985, -3.57341],
            "size": [1, 3, 1],
            "uv": [0, 320],
            "inflate": -0.2
          },
          {
            "origin": [10.5, 18.2985, -3.57341],
            "size": [1, 3, 1],
            "uv": [0, 320],
            "inflate": -0.2
          },
          {
            "origin": [-11.5, 18.9985, -5.57341],
            "size": [1, 2, 1],
            "uv": [0, 320],
            "inflate": -0.2
          },
          {
            "origin": [10.5, 18.9985, -5.57341],
            "size": [1, 2, 1],
            "uv": [0, 320],
            "inflate": -0.2
          },
          {
            "origin": [-9, 18.5985, 2.92659],
            "size": [18, 1, 1],
            "uv": [0, 286],
            "inflate": 0.4
          },
          {
            "origin": [-10.5, 18.5985, 2.92659],
            "size": [21, 1, 1],
            "uv": [0, 286],
            "inflate": 0.1
          }
        ]
      }
    ]
  }
}
