{
	"format_version": "1.10.0",
	"geometry.simple_vehicles_classic_bus": {
		"texturewidth": 1024,
		"textureheight": 512,
		"visible_bounds_width": 12,
		"visible_bounds_height": 4,
		"visible_bounds_offset": [0, 2, 0],
		"bones": [
			{
				"name": "body",
				"pivot": [-0.50714, 16.48571, 7.17143],
				"cubes": [
					{"origin": [-23.95, 6, -24], "size": [48, 2, 108], "uv": [360, 361]},
					{"origin": [-24.95, 6, -22], "size": [4, 17, 104], "uv": [803, 24], "mirror": true},
					{"origin": [21.05, 6, -47], "size": [4, 17, 128], "uv": [762, 0]},
					{"origin": [-24.95, 6, 81], "size": [50, 36, 4], "uv": [0, 316]},
					{"origin": [21.05, 23, -22], "size": [4, 17, 4], "uv": [0, 61]},
					{"origin": [-24.95, 23, -22], "size": [4, 17, 5], "uv": [0, 61]},
					{"origin": [-24.95, 40, -36], "size": [50, 2, 105], "uv": [578, 403]},
					{"origin": [-2.95, 6, -49], "size": [27, 2, 27], "uv": [0, 132]},
					{"origin": [21.05, 23, 13], "size": [4, 17, 4], "uv": [0, 61]},
					{"origin": [21.05, 23, 55], "size": [4, 17, 4], "uv": [0, 61]},
					{"origin": [-24.95, 23, 55], "size": [4, 17, 4], "uv": [0, 61]},
					{"origin": [-24.95, 23, 24], "size": [4, 17, 4], "uv": [0, 61]},
					{"origin": [-24.95, 4, -23], "size": [50, 2, 108], "uv": [146, 370]},
					{"origin": [-2.95, 4, -49], "size": [28, 2, 27], "uv": [0, 132]},
					{"origin": [-24.95, 4, -49], "size": [28, 2, 27], "uv": [0, 132]},
					{"origin": [-24.95, 40, -33], "size": [50, 2, 118], "uv": [562, 390]},
					{"origin": [-21.95, 6, -49], "size": [28, 2, 27], "uv": [0, 132]},
					{"origin": [-24.95, 23, -1], "size": [4, 17, 4], "uv": [0, 61]},
					{"origin": [-25.5, 5, 82], "size": [51, 2, 4], "uv": [0, 374], "inflate": 1},
					{"origin": [-25.5, 5, -53], "size": [51, 2, 4], "uv": [0, 374], "inflate": 1, "mirror": true},
					{"origin": [-23.95, 23, -22], "size": [1, 17, 105], "uv": [340, 388]},
					{"origin": [23.05, 23, -47], "size": [1, 17, 130], "uv": [313, 363], "mirror": true},
					{"origin": [-24.95, 6, -53], "size": [50, 9, 4], "uv": [0, 274]},
					{"origin": [1.05, 6, -50], "size": [24, 8, 3], "uv": [0, 111]},
					{"origin": [2.05, 9, -50], "size": [22, 7, 2], "uv": [3, 112]},
					{"origin": [-24.95, 38, -36], "size": [50, 2, 105], "uv": [578, 403]},
					{"origin": [-24.95, 6, -40], "size": [4, 26, 18], "uv": [187, 310]},
					{"origin": [-24.95, 4, -50], "size": [4, 17, 10], "uv": [173, 59]},
					{"origin": [-24.95, 21, -46], "size": [4, 10, 6], "uv": [310, 425]},
					{"origin": [-24.95, 31, -42], "size": [4, 1, 2], "uv": [314, 429]},
					{"origin": [21.05, 14, -49], "size": [4, 4, 2], "uv": [314, 429]},
					{"origin": [-23.95, 32, -41], "size": [1, 7, 21], "uv": [372, 479]},
					{"origin": [-24.95, 38, -24], "size": [50, 2, 105], "uv": [578, 403]},
					{"origin": [22.05, 3.02513, -21.47487], "size": [4, 9, 2], "uv": [1013, 0]},
					{"origin": [22.05, 3, 0], "size": [4, 9, 2], "uv": [1013, 0]},
					{"origin": [22.05, 16.35, -15], "size": [4, 2, 11], "uv": [995, 18]},
					{"origin": [-25.95, 16.35, -15], "size": [4, 2, 11], "uv": [995, 18]},
					{"origin": [-25.95, 3, 0], "size": [4, 9, 2], "uv": [1013, 0]},
					{"origin": [-25.95, 3.02513, -21.47487], "size": [4, 9, 2], "uv": [1013, 0]},
					{"origin": [-25.95, 16.38909, 60.88909], "size": [4, 2, 11], "uv": [995, 18]},
					{"origin": [-25.95, 3.02513, 76.25306], "size": [4, 9, 2], "uv": [1013, 0]},
					{"origin": [-25.95, 3, 54.5], "size": [4, 9, 2], "uv": [1013, 0]},
					{"origin": [23.05, 16.38909, 60.88909], "size": [4, 2, 11], "uv": [995, 18]},
					{"origin": [23.05, 3.02513, 76.25306], "size": [4, 9, 2], "uv": [1013, 0]},
					{"origin": [23.05, 3, 54.5], "size": [4, 9, 2], "uv": [1013, 0]}
				]
			},
			{
				"name": "body9",
				"parent": "body",
				"pivot": [-0.38333, 31.5, -38],
				"rotation": [-45, 0, 0],
				"cubes": [
					{"origin": [-24.95, 26, -44], "size": [4, 14, 4], "uv": [0, 83]},
					{"origin": [21.05, 26, -44], "size": [4, 14, 4], "uv": [19, 84]},
					{"origin": [-21.95, 27, -44], "size": [43, 13, 4], "uv": [64, 386]}
				]
			},
			{
				"name": "body1",
				"parent": "body",
				"pivot": [12.11667, 7.77661, -43.03902],
				"rotation": [35, 0, 0],
				"cubes": [
					{"origin": [1.05, 8.27661, -44.70569], "size": [21, 11, 3], "uv": [74, 448]},
					{"origin": [7.05, 9.27661, -39.70569], "size": [11, 11, 0], "uv": [77, 465]},
					{"origin": [11.05, 12.27661, -41.70569], "size": [3, 4, 3], "uv": [4, 91]}
				]
			},
			{
				"name": "body2",
				"parent": "body",
				"pivot": [-0.38333, 31.5, -47],
				"rotation": [-20, 0, 0],
				"cubes": [
					{"origin": [-24.95, 13.1292, -46.30501], "size": [4, 19, 4], "uv": [0, 0], "inflate": -0.0001},
					{"origin": [21.05, 13.1292, -46.30501], "size": [4, 19, 4], "uv": [0, 0], "inflate": -0.0001},
					{"origin": [-21.95, 13.94181, -45.45978], "size": [43, 19, 1], "uv": [352, 490]}
				]
			},
			{
				"name": "body3",
				"parent": "body",
				"pivot": [-0.175, 15.125, 51],
				"cubes": [
					{"origin": [-20.95, 9, -54], "size": [7, 5, 2], "uv": [221, 496]},
					{"origin": [13.05, 9, -54], "size": [7, 5, 2], "uv": [221, 496], "mirror": true},
					{"origin": [-20.95, 8, 82.5], "size": [7, 4, 3], "uv": [252, 488]},
					{"origin": [14.05, 8, 82.5], "size": [7, 4, 3], "uv": [252, 488]},
					{"origin": [14.05, 14, 82.5], "size": [7, 4, 3], "uv": [252, 502]},
					{"origin": [14.05, 19, 82.5], "size": [7, 4, 3], "uv": [252, 495]},
					{"origin": [-20.95, 19, 82.5], "size": [7, 4, 3], "uv": [252, 495]},
					{"origin": [-20.95, 14, 82.5], "size": [7, 4, 3], "uv": [252, 502]}
				]
			},
			{
				"name": "body4",
				"parent": "body",
				"pivot": [13.45, 26.99709, -21.31819],
				"cubes": [
					{"origin": [6.05, 22.49709, -22.31819], "size": [15, 5, 2], "uv": [8, 219]},
					{"origin": [6.05, 22.49709, -25.31819], "size": [15, 5, 2], "uv": [8, 219]},
					{"origin": [6.05, 22.49709, -24.31819], "size": [15, 5, 2], "uv": [8, 219]}
				]
			},
			{
				"name": "body5",
				"parent": "body",
				"pivot": [4.075, -5.50459, 12.46017],
				"rotation": [75, 0, 0],
				"cubes": [
					{"origin": [6.05, 13.80094, 25.15477], "size": [15, 5, 15], "uv": [0, 411]},
					{"origin": [6.05, -4.89522, 30.62773], "size": [15, 5, 15], "uv": [0, 411]},
					{"origin": [-20.95, 13.0592, 25.10679], "size": [15, 5, 15], "uv": [0, 411]},
					{"origin": [7.05, -26.53061, 37.79529], "size": [15, 5, 15], "uv": [0, 411]},
					{"origin": [-20.95, -25.81505, 36.23049], "size": [15, 5, 15], "uv": [0, 411]},
					{"origin": [6.05, 33.49709, 16.68181], "size": [15, 5, 15], "uv": [0, 411]},
					{"origin": [6.05, -55.57653, 45.04222], "size": [15, 5, 15], "uv": [0, 411]},
					{"origin": [-20.95, -55.57653, 45.04222], "size": [15, 5, 15], "uv": [0, 411]},
					{"origin": [-20.95, -5.29339, 30.02435], "size": [15, 5, 15], "uv": [0, 411]},
					{"origin": [-7.95, -55.57653, 45.04222], "size": [15, 5, 15], "uv": [0, 411]}
				]
			},
			{
				"name": "body6",
				"parent": "body",
				"pivot": [-0.05, 34, -41],
				"rotation": [-70, 0, 0],
				"cubes": [
					{"origin": [21.05, 22, -46], "size": [4, 17, 4], "uv": [19, 83]},
					{"origin": [-24.95, 22, -46], "size": [4, 17, 4], "uv": [19, 83]},
					{"origin": [21.05, 27, -46], "size": [4, 17, 4], "uv": [19, 83]},
					{"origin": [-24.95, 27, -46], "size": [4, 17, 4], "uv": [19, 83]}
				]
			},
			{
				"name": "body7",
				"parent": "body",
				"pivot": [2.65, 24.1, 5.6],
				"cubes": [
					{"origin": [6.05, 5, -39], "size": [15, 5, 15], "uv": [0, 470]},
					{"origin": [2.05, 5, -38], "size": [4, 7, 14], "uv": [1, 491]},
					{"origin": [2.05, 12, -28], "size": [4, 3, 4], "uv": [21, 505]},
					{"origin": [3.05, 13, -33], "size": [2, 1, 5], "uv": [24, 498]},
					{"origin": [4.05, 10, -38], "size": [1, 3, 1], "uv": [34, 496]},
					{"origin": [6.05, 8, -17], "size": [15, 5, 15], "uv": [0, 470]},
					{"origin": [6.05, 8, 27], "size": [15, 5, 15], "uv": [0, 470]},
					{"origin": [6.05, 8, 3], "size": [15, 5, 15], "uv": [0, 470]},
					{"origin": [-20.95, 8, 26], "size": [15, 5, 15], "uv": [0, 470]},
					{"origin": [-20.95, 8, -16], "size": [15, 5, 15], "uv": [0, 470]},
					{"origin": [6.05, 8, 55], "size": [15, 5, 15], "uv": [0, 470]},
					{"origin": [-20.95, 8, 55], "size": [15, 5, 15], "uv": [0, 470]},
					{"origin": [-20.95, 8, 3], "size": [15, 5, 15], "uv": [0, 470]},
					{"origin": [-7.95, 8, 55], "size": [15, 5, 15], "uv": [0, 470]}
				]
			},
			{
				"name": "body8",
				"parent": "body",
				"pivot": [-0.05, 30.5, -55],
				"rotation": [90, 0, 0],
				"cubes": [
					{"origin": [18.05, 28, -63], "size": [9, 1, 12], "uv": [143, 261]},
					{"origin": [-26.95, 28, -63], "size": [9, 1, 12], "uv": [143, 261]}
				]
			},
			{
				"name": "body10",
				"parent": "body",
				"pivot": [-24.55, 41, -9],
				"rotation": [25, 0, 0],
				"cubes": [
					{"origin": [-24.95, 36, -22], "size": [1, 2, 22], "uv": [704, 464]},
					{"origin": [-24.95, 38, -22], "size": [1, 2, 17], "uv": [704, 464]},
					{"origin": [-24.95, 40, -19], "size": [1, 2, 10], "uv": [704, 464]},
					{"origin": [24.05, 40, -20], "size": [1, 2, 10], "uv": [704, 464]},
					{"origin": [24.05, 36, -22], "size": [1, 2, 22], "uv": [704, 464]},
					{"origin": [24.05, 38, -22], "size": [1, 2, 17], "uv": [704, 464]}
				]
			},
			{
				"name": "body11",
				"parent": "body",
				"pivot": [23.95, 14.5, -2],
				"rotation": [45, 0, 0],
				"cubes": [
					{"origin": [22.05, 9.87868, -2.87868], "size": [4, 9, 2], "uv": [1013, 0]},
					{"origin": [-25.95, 9.87868, -2.87868], "size": [4, 9, 2], "uv": [1013, 0]},
					{"origin": [-25.95, -43.99748, 50.99748], "size": [4, 9, 2], "uv": [1013, 0]},
					{"origin": [23.05, -43.99748, 50.99748], "size": [4, 9, 2], "uv": [1013, 0]}
				]
			},
			{
				"name": "body12",
				"parent": "body",
				"pivot": [23.95, 14.5, -22],
				"rotation": [-45, 0, 0],
				"cubes": [
					{"origin": [22.05, 13.12132, -19.87868], "size": [4, 9, 2], "uv": [1013, 0]},
					{"origin": [-25.95, 13.12132, -19.87868], "size": [4, 9, 2], "uv": [1013, 0]},
					{"origin": [-25.95, 66.86144, 33.86144], "size": [4, 9, 2], "uv": [1013, 0]},
					{"origin": [23.05, 66.86144, 33.86144], "size": [4, 9, 2], "uv": [1013, 0]}
				]
			},
			{
				"name": "leg0",
				"pivot": [0, 8, 66.5],
				"cubes": [
					{"origin": [23, 2, 60.5], "size": [3, 12, 12], "uv": [279, 489]},
					{"origin": [23, 0, 61.5], "size": [3, 1, 10], "uv": [156, 488]},
					{"origin": [23, 1, 60.5], "size": [3, 1, 12], "uv": [156, 488]},
					{"origin": [23, 15, 61.5], "size": [3, 1, 10], "uv": [156, 488]},
					{"origin": [23, 14, 60.5], "size": [3, 1, 12], "uv": [156, 488]},
					{"origin": [23, 2, 59.5], "size": [3, 12, 1], "uv": [156, 488]},
					{"origin": [23, 2, 72.5], "size": [3, 12, 1], "uv": [156, 488]},
					{"origin": [23, 3, 73.5], "size": [3, 10, 1], "uv": [156, 488]},
					{"origin": [23, 3, 58.5], "size": [3, 10, 1], "uv": [156, 488]},
					{"origin": [-26, 2, 60.5], "size": [3, 12, 12], "uv": [279, 489], "mirror": true},
					{"origin": [-26, 0, 61.5], "size": [3, 1, 10], "uv": [156, 488]},
					{"origin": [-26, 1, 60.5], "size": [3, 1, 12], "uv": [156, 488]},
					{"origin": [-26, 15, 61.5], "size": [3, 1, 10], "uv": [156, 488]},
					{"origin": [-26, 14, 60.5], "size": [3, 1, 12], "uv": [156, 488]},
					{"origin": [-26, 2, 59.5], "size": [3, 12, 1], "uv": [156, 488]},
					{"origin": [-26, 2, 72.5], "size": [3, 12, 1], "uv": [156, 488]},
					{"origin": [-26, 3, 73.5], "size": [3, 10, 1], "uv": [156, 488]},
					{"origin": [-26, 3, 58.5], "size": [3, 10, 1], "uv": [156, 488]}
				]
			},
			{
				"name": "leg1",
				"pivot": [0, 8, -9.5],
				"cubes": [
					{"origin": [23, 2, -15.5], "size": [3, 12, 12], "uv": [279, 489]},
					{"origin": [23, 0, -14.5], "size": [3, 1, 10], "uv": [156, 488]},
					{"origin": [23, 1, -15.5], "size": [3, 1, 12], "uv": [156, 488]},
					{"origin": [23, 15, -14.5], "size": [3, 1, 10], "uv": [156, 488]},
					{"origin": [23, 14, -15.5], "size": [3, 1, 12], "uv": [156, 488]},
					{"origin": [23, 2, -16.5], "size": [3, 12, 1], "uv": [156, 488]},
					{"origin": [23, 2, -3.5], "size": [3, 12, 1], "uv": [156, 488]},
					{"origin": [23, 3, -2.5], "size": [3, 10, 1], "uv": [156, 488]},
					{"origin": [23, 3, -17.5], "size": [3, 10, 1], "uv": [156, 488]},
					{"origin": [-26, 2, -15.5], "size": [3, 12, 12], "uv": [279, 489], "mirror": true},
					{"origin": [-26, 0, -14.5], "size": [3, 1, 10], "uv": [156, 488]},
					{"origin": [-26, 1, -15.5], "size": [3, 1, 12], "uv": [156, 488]},
					{"origin": [-26, 15, -14.5], "size": [3, 1, 10], "uv": [156, 488]},
					{"origin": [-26, 14, -15.5], "size": [3, 1, 12], "uv": [156, 488]},
					{"origin": [-26, 2, -16.5], "size": [3, 12, 1], "uv": [156, 488]},
					{"origin": [-26, 2, -3.5], "size": [3, 12, 1], "uv": [156, 488]},
					{"origin": [-26, 3, -2.5], "size": [3, 10, 1], "uv": [156, 488]},
					{"origin": [-26, 3, -17.5], "size": [3, 10, 1], "uv": [156, 488]}
				]
			}
		]
	}
}