{
	"format_version": "1.10.0",
	"geometry.simple_vehicles_classic_car": {
		"texturewidth": 256,
		"textureheight": 256,
		"visible_bounds_width": 7,
		"visible_bounds_height": 3,
		"visible_bounds_offset": [0, 1.5, 0],
		"bones": [
			{
				"name": "body",
				"pivot": [-14.5, 13.5, -22.5],
				"cubes": [
					{"origin": [-17, 4, -24], "size": [34, 1, 64], "uv": [0, 145]},
					{"origin": [-17, 5, -24.2], "size": [34, 8, 16.2], "uv": [0, 0], "mirror": true},
					{"origin": [-17, 13, -24], "size": [34, 1, 16], "uv": [0, 0], "mirror": true},
					{"origin": [15, 5, -8], "size": [2, 8, 48], "uv": [0, 24], "mirror": true},
					{"origin": [-15, 5, 26], "size": [30, 8, 18], "uv": [63, 229]},
					{"origin": [-15, 13, 26], "size": [30, 1, 18], "uv": [63, 229]},
					{"origin": [-17, 26, -2], "size": [34, 1, 27], "uv": [16, 95]},
					{"origin": [15, 14, 24], "size": [2, 13, 1], "uv": [0, 0]},
					{"origin": [15, 14, 8], "size": [2, 13, 1], "uv": [0, 0]},
					{"origin": [-17, 14, 24], "size": [2, 13, 1], "uv": [0, 0], "mirror": true},
					{"origin": [-15, 4.5, 0], "size": [30, 5, 8], "uv": [0, 132]},
					{"origin": [-2, 4.5, -7], "size": [4, 6, 15], "uv": [0, 154]},
					{"origin": [-15, 5, 16], "size": [30, 5, 8], "uv": [0, 132]},
					{"origin": [-17, 5, -8], "size": [2, 8, 48], "uv": [0, 24]},
					{"origin": [-17, 13, -8], "size": [2, 1, 48], "uv": [0, 24]},
					{"origin": [-17, 13, 40], "size": [2, 1, 4], "uv": [44, 68]},
					{"origin": [-17, 4, -26], "size": [34, 2, 2], "uv": [80, 130], "inflate": 0.5, "mirror": true},
					{"origin": [-17, 4, 42], "size": [34, 1, 2], "uv": [80, 130], "inflate": 0.5, "mirror": true},
					{"origin": [15, 4, 41], "size": [2, 9, 3], "uv": [0, 221], "mirror": true},
					{"origin": [-17, 4, 40], "size": [34, 1, 3], "uv": [0, 218]},
					{"origin": [-17, 4, 41], "size": [2, 9, 3], "uv": [0, 221]},
					{"origin": [15, 4, 40], "size": [2, 9, 3], "uv": [0, 221], "mirror": true},
					{"origin": [-14, 5, -26.3], "size": [28, 8, 2.3], "uv": [196, 40], "mirror": true},
					{"origin": [-17, 4, 40], "size": [2, 9, 3], "uv": [0, 221], "mirror": true},
					{"origin": [15, 14, 25], "size": [2, 11, 1], "uv": [0, 0]},
					{"origin": [15, 14, 26], "size": [2, 9, 1], "uv": [0, 0]},
					{"origin": [15, 14, 27], "size": [2, 8, 1], "uv": [0, 0]},
					{"origin": [15, 14, 28], "size": [2, 6, 1], "uv": [0, 0]},
					{"origin": [15, 13, 29], "size": [2, 6, 1], "uv": [0, 0]},
					{"origin": [15, 15.4, -8], "size": [2, 1, 1], "uv": [0, 0]},
					{"origin": [-17, 14, 27], "size": [2, 8, 1], "uv": [0, 0], "mirror": true},
					{"origin": [-17, 14, 28], "size": [2, 6, 1], "uv": [0, 0], "mirror": true},
					{"origin": [-17, 13, 29], "size": [2, 6, 1], "uv": [0, 0], "mirror": true},
					{"origin": [-17, 11, 30], "size": [2, 6, 1], "uv": [0, 0], "mirror": true},
					{"origin": [-17, 12, 31], "size": [2, 3, 1], "uv": [0, 0], "mirror": true},
					{"origin": [-17, 13, -9], "size": [2, 1, 1], "uv": [0, 0]},
					{"origin": [-17, 15.4, -8], "size": [2, 1, 1], "uv": [0, 0]},
					{"origin": [-17, 14, 26], "size": [2, 9, 1], "uv": [0, 0], "mirror": true},
					{"origin": [-17, 14, 25], "size": [2, 11, 1], "uv": [0, 0], "mirror": true},
					{"origin": [-17, 14, -2], "size": [2, 12, 26], "uv": [199, 52]},
					{"origin": [-17, 10, -8.5], "size": [2, 5.7, 1.5], "uv": [4, 0]},
					{"origin": [-17, 12, -7], "size": [2, 6, 1], "uv": [4, 0]},
					{"origin": [-17, 14, -6], "size": [2, 6, 1], "uv": [4, 0]},
					{"origin": [-17, 14, -5], "size": [2, 7.5, 1], "uv": [4, 0]},
					{"origin": [-17, 14, -3], "size": [2, 11, 1], "uv": [4, 0]},
					{"origin": [-17, 14, -4], "size": [2, 9.5, 1], "uv": [4, 0]},
					{"origin": [15, 14, -3], "size": [2, 11, 1], "uv": [0, 0]},
					{"origin": [15, 14, -4], "size": [2, 9.5, 1], "uv": [0, 0]},
					{"origin": [15, 14, -5], "size": [2, 7.5, 1], "uv": [0, 0]},
					{"origin": [15, 14, -6], "size": [2, 6, 1], "uv": [0, 0]},
					{"origin": [15, 12, -7], "size": [2, 6, 1], "uv": [0, 0]},
					{"origin": [15, 10, -8.5], "size": [2, 5.7, 1.5], "uv": [0, 0]},
					{"origin": [15, 14, -2], "size": [2, 12, 26], "uv": [199, 52], "mirror": true},
					{"origin": [-17.5, 11, 18], "size": [3, 1, 4], "uv": [196, 205]},
					{"origin": [14.5, 11, 18], "size": [3, 1, 4], "uv": [196, 205]},
					{"origin": [14.5, 11, 3], "size": [3, 1, 4], "uv": [196, 205]},
					{"origin": [-17.5, 11, 3], "size": [3, 1, 4], "uv": [196, 205]},
					{"origin": [-15, 5, -24], "size": [30, 8, 16], "uv": [52, 48], "mirror": true},
					{"origin": [-15, 5, 26], "size": [30, 8, 16], "uv": [52, 48], "mirror": true},
					{"origin": [-18, 3.50569, -11.72339], "size": [36, 5, 1], "uv": [160, 250], "mirror": true},
					{"origin": [-18, 9.8, -19], "size": [36, 1, 5], "uv": [160, 244], "mirror": true},
					{"origin": [-18, 3.8, -22.4641], "size": [36, 5, 1], "uv": [160, 250], "mirror": true},
					{"origin": [-18, 3.5554, 36.06691], "size": [36, 5, 1], "uv": [160, 250], "mirror": true},
					{"origin": [-18, 3.75096, 25.48686], "size": [36, 5, 1], "uv": [160, 250], "mirror": true},
					{"origin": [-18, 9.8, 29], "size": [36, 1, 5], "uv": [160, 244], "mirror": true},
					{"origin": [15, 13, 40], "size": [2, 1, 4], "uv": [44, 68], "mirror": true},
					{"origin": [15, 11, 30], "size": [2, 6, 1], "uv": [5, 0], "mirror": true},
					{"origin": [15, 12, 31], "size": [2, 3, 1], "uv": [4, 0], "mirror": true},
					{"origin": [15, 13, -9], "size": [2, 1, 1], "uv": [0, 0], "mirror": true},
					{"origin": [15, 13, -8], "size": [2, 1, 48], "uv": [0, 24], "mirror": true}
				]
			},
			{
				"name": "bone",
				"parent": "body",
				"pivot": [14.5, 13.5, -22.5],
				"rotation": [0, -35, 0],
				"cubes": [
					{"origin": [11.91083, 13, -25.32599], "size": [3.8, 1, 3], "uv": [43, 13], "mirror": true}
				]
			},
			{
				"name": "bone2",
				"parent": "body",
				"pivot": [14.69602, 13.5, -23.98148],
				"rotation": [0, 35, 0]
			},
			{
				"name": "body0",
				"parent": "body",
				"pivot": [0.16667, 20, -9.5],
				"rotation": [-30, 0, 0],
				"cubes": [
					{"origin": [-17, 13.86603, -6.5], "size": [2, 16, 1], "uv": [100, 0]},
					{"origin": [15, 13.86603, -6.5], "size": [2, 16, 1], "uv": [100, 0]},
					{"origin": [-16.5, 13.86603, -6.5], "size": [33, 16, 1], "uv": [106, 17]}
				]
			},
			{
				"name": "body2",
				"parent": "body",
				"pivot": [0, 14, 22.33333],
				"rotation": [-15, 0, 0],
				"cubes": [
					{"origin": [-15, 4.96593, 8.24118], "size": [12, 8, 2], "uv": [0, 144]},
					{"origin": [-15, 9.96593, 23.24118], "size": [30, 8, 2], "uv": [0, 123]},
					{"origin": [3, 4.96593, 8.24118], "size": [12, 8, 2], "uv": [0, 144], "mirror": true}
				]
			},
			{
				"name": "body3",
				"parent": "body",
				"pivot": [0, 13, -7],
				"rotation": [-35, 0, 0],
				"cubes": [
					{"origin": [-15, 9.81915, -8.57358], "size": [30, 4, 6], "uv": [76, 134]}
				]
			},
			{
				"name": "body5",
				"parent": "body",
				"pivot": [8, 13.86603, -3.0359],
				"rotation": [-60, 0, 0],
				"cubes": [
					{"origin": [5, 8.36603, -5.90193], "size": [6, 4, 6], "uv": [0, 246]},
					{"origin": [7, 10.36603, -3.90193], "size": [2, 4, 2], "uv": [8, 250]}
				]
			},
			{
				"name": "bone5",
				"parent": "body5",
				"pivot": [8, 14.36603, -2.90193],
				"cubes": [
					{"origin": [4, 14.36603, -6.90193], "size": [8, 0, 8], "uv": [24, 247], "mirror": true}
				]
			},
			{
				"name": "body6",
				"parent": "body",
				"pivot": [-15, 9, -25],
				"rotation": [0, 35, 0],
				"cubes": [
					{"origin": [-17.1352, 5, -25.49132], "size": [3.7, 8, 2], "uv": [244, 29], "mirror": true}
				]
			},
			{
				"name": "body7",
				"parent": "body",
				"pivot": [-15, 9, -25],
				"rotation": [0, -35, 0],
				"cubes": [
					{"origin": [8.00976, 5, -42.69861], "size": [3.7, 8, 2], "uv": [243, 29]}
				]
			},
			{
				"name": "body4",
				"parent": "body",
				"pivot": [0, 27, 27],
				"rotation": [30, 0, 0],
				"cubes": [
					{"origin": [-17, 11.86603, 24.5], "size": [2, 16, 1], "uv": [100, 17]},
					{"origin": [15, 11.86603, 24.5], "size": [2, 16, 1], "uv": [100, 17], "mirror": true},
					{"origin": [-16.5, 11.86603, 24.5], "size": [33, 16, 1], "uv": [106, 0]}
				]
			},
			{
				"name": "body8",
				"parent": "body",
				"pivot": [-18, 14, -4.5],
				"rotation": [0, 20, 0],
				"cubes": [
					{"origin": [-19, 12, -5], "size": [2, 6, 1], "uv": [250, 53], "mirror": true},
					{"origin": [-21, 12, -5], "size": [2, 6, 1], "uv": [250, 53]}
				]
			},
			{
				"name": "body9",
				"parent": "body",
				"pivot": [18, 14, -4.5],
				"rotation": [0, -20, 0],
				"cubes": [
					{"origin": [19, 12, -5], "size": [2, 6, 1], "uv": [250, 53], "mirror": true},
					{"origin": [17, 12, -5], "size": [2, 6, 1], "uv": [250, 53]}
				]
			},
			{
				"name": "body10",
				"parent": "body",
				"pivot": [0, 12.8, -18.5],
				"rotation": [30, 0, 0],
				"cubes": [
					{"origin": [-18, 10.31795, -23.93301], "size": [36, 1, 4], "uv": [161, 245], "mirror": true},
					{"origin": [-18, -13.7, 17.56922], "size": [36, 1, 4], "uv": [161, 245], "mirror": true}
				]
			},
			{
				"name": "body11",
				"parent": "body",
				"pivot": [0, 4.5, -9.5],
				"rotation": [55, 0, 0],
				"cubes": [
					{"origin": [-18, 7.79972, -7.92044], "size": [36, 4, 1], "uv": [160, 250], "mirror": true},
					{"origin": [-18, -31.3193, 19.53167], "size": [36, 4, 1], "uv": [160, 250], "mirror": true}
				]
			},
			{
				"name": "leg0",
				"pivot": [0, 4.5, -16.5],
				"cubes": [
					{"origin": [-17, 0, -19], "size": [2, 1, 5], "uv": [240, 17]},
					{"origin": [-17, 8, -19], "size": [2, 1, 5], "uv": [240, 17]},
					{"origin": [-17, 7, -20], "size": [2, 1, 7], "uv": [238, 15]},
					{"origin": [-17, 1, -20], "size": [2, 1, 7], "uv": [238, 15]},
					{"origin": [-17, 2, -19], "size": [2, 5, 5], "uv": [239, 18]},
					{"origin": [-17, 2, -21], "size": [2, 5, 1], "uv": [238, 15]},
					{"origin": [-17, 2, -13], "size": [2, 5, 1], "uv": [238, 15]},
					{"origin": [-17, 2, -14], "size": [2, 5, 1], "uv": [238, 15]},
					{"origin": [-17, 2, -20], "size": [2, 5, 1], "uv": [238, 15]},
					{"origin": [15, 0, -19], "size": [2, 1, 5], "uv": [240, 17]},
					{"origin": [15, 1, -20], "size": [2, 1, 7], "uv": [238, 15]},
					{"origin": [15, 2, -19], "size": [2, 5, 5], "uv": [239, 18], "mirror": true},
					{"origin": [15, 2, -21], "size": [2, 5, 1], "uv": [238, 15]},
					{"origin": [15, 2, -20], "size": [2, 5, 1], "uv": [238, 15]},
					{"origin": [15, 8, -19], "size": [2, 1, 5], "uv": [240, 17], "mirror": true},
					{"origin": [15, 7, -20], "size": [2, 1, 7], "uv": [238, 15], "mirror": true},
					{"origin": [15, 2, -13], "size": [2, 5, 1], "uv": [238, 15], "mirror": true},
					{"origin": [15, 2, -14], "size": [2, 5, 1], "uv": [238, 15], "mirror": true}
				]
			},
			{
				"name": "leg1",
				"pivot": [0, 4.5, 31.5],
				"cubes": [
					{"origin": [-17, 0, 29], "size": [2, 1, 5], "uv": [240, 17]},
					{"origin": [-17, 8, 29], "size": [2, 1, 5], "uv": [240, 17]},
					{"origin": [-17, 7, 28], "size": [2, 1, 7], "uv": [238, 15]},
					{"origin": [-17, 1, 28], "size": [2, 1, 7], "uv": [238, 15]},
					{"origin": [-17, 2, 29], "size": [2, 5, 5], "uv": [239, 18]},
					{"origin": [-17, 2, 27], "size": [2, 5, 1], "uv": [238, 15]},
					{"origin": [-17, 2, 35], "size": [2, 5, 1], "uv": [238, 15]},
					{"origin": [-17, 2, 34], "size": [2, 5, 1], "uv": [238, 15]},
					{"origin": [-17, 2, 28], "size": [2, 5, 1], "uv": [238, 15]},
					{"origin": [15, 0, 29], "size": [2, 1, 5], "uv": [240, 17]},
					{"origin": [15, 1, 28], "size": [2, 1, 7], "uv": [238, 15]},
					{"origin": [15, 2, 29], "size": [2, 5, 5], "uv": [239, 18], "mirror": true},
					{"origin": [15, 2, 27], "size": [2, 5, 1], "uv": [238, 15]},
					{"origin": [15, 2, 28], "size": [2, 5, 1], "uv": [238, 15]},
					{"origin": [15, 8, 29], "size": [2, 1, 5], "uv": [240, 17], "mirror": true},
					{"origin": [15, 7, 28], "size": [2, 1, 7], "uv": [238, 15], "mirror": true},
					{"origin": [15, 2, 35], "size": [2, 5, 1], "uv": [238, 15], "mirror": true},
					{"origin": [15, 2, 34], "size": [2, 5, 1], "uv": [238, 15], "mirror": true}
				]
			},
			{
				"name": "body12",
				"pivot": [14.5, 13.5, -22.5],
				"rotation": [0, -35, 0]
			},
			{
				"name": "body13",
				"parent": "body12",
				"pivot": [15, 9, -25],
				"rotation": [0, 35, 0]
			},
			{
				"name": "body14",
				"pivot": [14.5, 13.5, -22.5],
				"cubes": [
					{"origin": [-17, 14, 8], "size": [2, 13, 1], "uv": [0, 0], "mirror": true},
					{"origin": [-13.98192, 13, -26.35736], "size": [27.9, 1, 3], "uv": [13, 13], "mirror": true}
				]
			},
			{
				"name": "bone3",
				"parent": "body14",
				"pivot": [-14.5, 13.5, -22.5],
				"rotation": [0, 35, 0],
				"cubes": [
					{"origin": [-15.71083, 13, -25.32599], "size": [3.8, 1, 3], "uv": [43, 13]}
				]
			},
			{
				"name": "bone4",
				"parent": "body14",
				"pivot": [-14.69602, 13.5, -23.98148],
				"rotation": [0, -35, 0]
			},
			{
				"name": "body16",
				"parent": "body14",
				"pivot": [15, 9, -25],
				"rotation": [0, -35, 0]
			},
			{
				"name": "body17",
				"parent": "body14",
				"pivot": [15, 9, -25],
				"rotation": [0, 35, 0],
				"cubes": [
					{"origin": [-11.70976, 5, -42.69861], "size": [3.7, 8, 2], "uv": [243, 29], "mirror": true}
				]
			}
		]
	}
}