{
	"format_version": "1.10.0",
	"geometry.simple_vehicles_classic_car4x4_1": {
		"texturewidth": 1024,
		"textureheight": 256,
		"visible_bounds_width": 8,
		"visible_bounds_height": 3,
		"visible_bounds_offset": [0, 1.5, 0],
		"bones": [
			{
				"name": "base",
				"pivot": [0, 18, -25],
				"rotation": [5, 0, 0],
				"cubes": [
					{"origin": [-13, 15.00381, -40.08716], "size": [26, 2, 16], "uv": [303, 238]},
					{"origin": [-10, 16.00381, -36.08716], "size": [20, 2, 9], "uv": [389, 245]},
					{"origin": [-16, 11.00381, -40.08716], "size": [32, 2, 16], "uv": [0, 0]},
					{"origin": [-13, 7.00381, -22.08716], "size": [26, 10, 3], "uv": [496, 83]}
				]
			},
			{
				"name": "body",
				"pivot": [0.11538, 15.88462, -4.53846],
				"cubes": [
					{"origin": [-18, 4, -41], "size": [36, 2, 94], "uv": [0, 0]},
					{"origin": [16, 6, -24], "size": [2, 10, 75], "uv": [166, 105]},
					{"origin": [-18, 6, -24], "size": [2, 10, 75], "uv": [0, 96]},
					{"origin": [16, 6, -40], "size": [2, 9, 16], "uv": [782, 231]},
					{"origin": [-18, 6, -40], "size": [2, 9, 16], "uv": [0, 181]},
					{"origin": [-16, 13, -40], "size": [32, 2, 15], "uv": [820, 239]},
					{"origin": [-16, 6, -40], "size": [32, 7, 16], "uv": [0, 0]},
					{"origin": [-16, 6, -24], "size": [32, 12, 3], "uv": [430, 241]},
					{"origin": [-13, 6, -42], "size": [27, 9, 2], "uv": [0, 208]},
					{"origin": [-18, 26, -6], "size": [36, 2, 19], "uv": [261, 74]},
					{"origin": [-16, 6, 48], "size": [32, 10, 3], "uv": [569, 243]},
					{"origin": [-16, 6, 13], "size": [32, 10, 3], "uv": [419, 82]},
					{"origin": [16, 16, -6], "size": [2, 10, 2], "uv": [216, 244]},
					{"origin": [-17, 16, -6], "size": [2, 10, 2], "uv": [216, 244]},
					{"origin": [-17, 16, 9], "size": [2, 10, 2], "uv": [61, 244]},
					{"origin": [16, 16, 9], "size": [2, 10, 2], "uv": [61, 244]},
					{"origin": [-13, 4, -43], "size": [27, 2, 2], "uv": [0, 244]},
					{"origin": [18, 12, -38], "size": [3, 1, 16], "uv": [501, 228]},
					{"origin": [18, 12, 15], "size": [3, 1, 27], "uv": [510, 228]},
					{"origin": [-21, 12, 15], "size": [3, 1, 27], "uv": [510, 228]},
					{"origin": [-18, 26, -20], "size": [36, 2, 3], "uv": [70, 251]},
					{"origin": [-18, 26, -17], "size": [11, 2, 11], "uv": [372, 83]},
					{"origin": [7, 26, -17], "size": [11, 2, 11], "uv": [372, 83]},
					{"origin": [-18, 24, 14], "size": [2, 2, 22], "uv": [644, 232]},
					{"origin": [16, 24, 14], "size": [2, 2, 22], "uv": [644, 232]},
					{"origin": [-21, 12, -38], "size": [3, 1, 16], "uv": [501, 228]}
				]
			},
			{
				"name": "body2",
				"pivot": [16, 10.5, -40.5],
				"rotation": [0, -25, 0],
				"cubes": [
					{"origin": [13, 6, -41], "size": [5, 9, 3], "uv": [0, 220]},
					{"origin": [12, 4, -42], "size": [6, 4, 3], "uv": [0, 234]}
				]
			},
			{
				"name": "body3",
				"pivot": [0, 20.33333, -23.66667],
				"rotation": [-25, 0, 0],
				"cubes": [
					{"origin": [-18, 17, -22], "size": [3, 12, 3], "uv": [57, 241]},
					{"origin": [15, 17, -22], "size": [3, 12, 3], "uv": [57, 241]},
					{"origin": [-21, 20, 14], "size": [3, 10, 1], "uv": [132, 0]},
					{"origin": [18, 20, 14], "size": [3, 10, 1], "uv": [132, 0]},
					{"origin": [18, -2, -33], "size": [3, 10, 1], "uv": [132, 0]},
					{"origin": [-21, -2, -33], "size": [3, 10, 1], "uv": [132, 0]}
				]
			},
			{
				"name": "body4",
				"pivot": [0, 25.33333, 7.83333],
				"rotation": [10, 0, 0],
				"cubes": [
					{"origin": [-18, 15, 10], "size": [36, 12, 3], "uv": [224, 241]},
					{"origin": [16, 14, 14], "size": [2, 10, 2], "uv": [122, 52]},
					{"origin": [-18, 14, 14], "size": [2, 10, 2], "uv": [122, 52]}
				]
			},
			{
				"name": "body5",
				"pivot": [0, 28, -20],
				"rotation": [-25, 0, 0],
				"cubes": [
					{"origin": [-15, 26, -22], "size": [30, 4, 2], "uv": [151, 250]}
				]
			},
			{
				"name": "body6",
				"pivot": [-17, 24.5, 24],
				"rotation": [-45, 0, 0],
				"cubes": [
					{"origin": [-18, 33, 31], "size": [2, 1, 18], "uv": [122, 52]},
					{"origin": [16, 33, 31], "size": [2, 1, 18], "uv": [122, 52]}
				]
			},
			{
				"name": "body7",
				"pivot": [13.51513, 16.00381, -32.08583],
				"rotation": [5, 10, 0],
				"cubes": [
					{"origin": [12.01513, 14.00381, -40.08583], "size": [3, 2, 16], "uv": [0, 0]}
				]
			},
			{
				"name": "body8",
				"pivot": [-12.51513, 15.00381, -31.08583],
				"rotation": [5, -10, 0],
				"cubes": [
					{"origin": [-14.01513, 14.00381, -39.08583], "size": [3, 2, 16], "uv": [0, 0]}
				]
			},
			{
				"name": "body9",
				"pivot": [-15.75, 8.25, -41],
				"rotation": [0, 25, 0],
				"cubes": [
					{"origin": [-18, 6, -41], "size": [5, 9, 3], "uv": [0, 220]},
					{"origin": [-18, 4, -42], "size": [6, 4, 3], "uv": [0, 234]}
				]
			},
			{
				"name": "body50",
				"pivot": [-16.5, 28, -20],
				"rotation": [-25, 25, 0],
				"cubes": [
					{"origin": [-18.5, 26, -21], "size": [4, 4, 2], "uv": [0, 250]}
				]
			},
			{
				"name": "body100",
				"pivot": [0, 9, -24],
				"rotation": [20, 0, 0],
				"cubes": [
					{"origin": [18, 4, -23], "size": [3, 8, 2], "uv": [132, 0]},
					{"origin": [-21, 4, -23], "size": [3, 8, 2], "uv": [132, 0]},
					{"origin": [18, -18, 38], "size": [3, 8, 2], "uv": [132, 0]},
					{"origin": [-21, -18, 38], "size": [3, 8, 2], "uv": [132, 0]}
				]
			},
			{
				"name": "body500",
				"pivot": [16.5, 28, -20],
				"rotation": [-25, -25, 0],
				"cubes": [
					{"origin": [14.5, 26, -21], "size": [4, 4, 2], "uv": [0, 250]}
				]
			},
			{
				"name": "leg0",
				"pivot": [0, 6, -30],
				"cubes": [
					{"origin": [18, 2, -34], "size": [3, 8, 8], "uv": [115, 62]},
					{"origin": [18, 10, -34], "size": [3, 1, 8], "uv": [115, 62]},
					{"origin": [18, 11, -33], "size": [3, 1, 6], "uv": [115, 62]},
					{"origin": [18, 1, -34], "size": [3, 1, 8], "uv": [115, 62]},
					{"origin": [18, 0, -33], "size": [3, 1, 6], "uv": [115, 62]},
					{"origin": [18, 2, -26], "size": [3, 8, 1], "uv": [115, 62]},
					{"origin": [18, 3, -25], "size": [3, 6, 1], "uv": [115, 62]},
					{"origin": [18, 3, -36], "size": [3, 6, 1], "uv": [115, 62]},
					{"origin": [18, 2, -35], "size": [3, 8, 1], "uv": [115, 62]},
					{"origin": [-21, 2, -34], "size": [3, 8, 8], "uv": [115, 62]},
					{"origin": [-21, 10, -34], "size": [3, 1, 8], "uv": [115, 62]},
					{"origin": [-21, 11, -33], "size": [3, 1, 6], "uv": [115, 62]},
					{"origin": [-21, 1, -34], "size": [3, 1, 8], "uv": [115, 62]},
					{"origin": [-21, 0, -33], "size": [3, 1, 6], "uv": [115, 62]},
					{"origin": [-21, 2, -26], "size": [3, 8, 1], "uv": [115, 62]},
					{"origin": [-21, 3, -25], "size": [3, 6, 1], "uv": [115, 62]},
					{"origin": [-21, 3, -36], "size": [3, 6, 1], "uv": [115, 62]},
					{"origin": [-21, 2, -35], "size": [3, 8, 1], "uv": [115, 62]}
				]
			},
			{
				"name": "leg1",
				"pivot": [0, 6, 35],
				"cubes": [
					{"origin": [18, 2, 31], "size": [3, 8, 8], "uv": [119, 52]},
					{"origin": [18, 10, 31], "size": [3, 1, 8], "uv": [119, 52]},
					{"origin": [18, 11, 32], "size": [3, 1, 6], "uv": [119, 52]},
					{"origin": [18, 1, 31], "size": [3, 1, 8], "uv": [119, 52]},
					{"origin": [18, 0, 32], "size": [3, 1, 6], "uv": [119, 52]},
					{"origin": [18, 2, 39], "size": [3, 8, 1], "uv": [119, 52]},
					{"origin": [18, 3, 40], "size": [3, 6, 1], "uv": [119, 52]},
					{"origin": [18, 3, 29], "size": [3, 6, 1], "uv": [119, 52]},
					{"origin": [18, 2, 30], "size": [3, 8, 1], "uv": [119, 52]},
					{"origin": [-21, 2, 31], "size": [3, 8, 8], "uv": [119, 52]},
					{"origin": [-21, 10, 31], "size": [3, 1, 8], "uv": [119, 52]},
					{"origin": [-21, 11, 32], "size": [3, 1, 6], "uv": [119, 52]},
					{"origin": [-21, 1, 31], "size": [3, 1, 8], "uv": [119, 52]},
					{"origin": [-21, 0, 32], "size": [3, 1, 6], "uv": [119, 52]},
					{"origin": [-21, 2, 39], "size": [3, 8, 1], "uv": [119, 52]},
					{"origin": [-21, 3, 40], "size": [3, 6, 1], "uv": [119, 52]},
					{"origin": [-21, 3, 29], "size": [3, 6, 1], "uv": [119, 52]},
					{"origin": [-21, 2, 30], "size": [3, 8, 1], "uv": [119, 52]}
				]
			},
			{
				"name": "leg2",
				"pivot": [0, 6, 21],
				"cubes": [
					{"origin": [18, 2, 17], "size": [3, 8, 8], "uv": [125, 58]},
					{"origin": [18, 10, 17], "size": [3, 1, 8], "uv": [125, 58]},
					{"origin": [18, 11, 18], "size": [3, 1, 6], "uv": [125, 58]},
					{"origin": [18, 1, 17], "size": [3, 1, 8], "uv": [125, 58]},
					{"origin": [18, 0, 18], "size": [3, 1, 6], "uv": [125, 58]},
					{"origin": [18, 2, 25], "size": [3, 8, 1], "uv": [125, 58]},
					{"origin": [18, 3, 26], "size": [3, 6, 1], "uv": [125, 58]},
					{"origin": [18, 3, 15], "size": [3, 6, 1], "uv": [125, 58]},
					{"origin": [18, 2, 16], "size": [3, 8, 1], "uv": [125, 58]},
					{"origin": [-21, 2, 17], "size": [3, 8, 8], "uv": [125, 58]},
					{"origin": [-21, 10, 17], "size": [3, 1, 8], "uv": [125, 58]},
					{"origin": [-21, 11, 18], "size": [3, 1, 6], "uv": [125, 58]},
					{"origin": [-21, 1, 17], "size": [3, 1, 8], "uv": [125, 58]},
					{"origin": [-21, 0, 18], "size": [3, 1, 6], "uv": [125, 58]},
					{"origin": [-21, 2, 25], "size": [3, 8, 1], "uv": [125, 58]},
					{"origin": [-21, 3, 26], "size": [3, 6, 1], "uv": [125, 58]},
					{"origin": [-21, 3, 15], "size": [3, 6, 1], "uv": [125, 58]},
					{"origin": [-21, 2, 16], "size": [3, 8, 1], "uv": [125, 58]}
				]
			},
			{
				"name": "lights",
				"pivot": [0, 11.75, 7.25],
				"cubes": [
					{"origin": [14, 14, -39], "size": [3, 3, 3], "uv": [928, 250]},
					{"origin": [-17, 14, -39], "size": [3, 3, 3], "uv": [928, 250]},
					{"origin": [12, 6, 51], "size": [6, 4, 2], "uv": [529, 89]},
					{"origin": [-18, 6, 51], "size": [6, 4, 2], "uv": [529, 89]}
				]
			},
			{
				"name": "seats_a",
				"pivot": [-1, 15.5, 4],
				"rotation": [-15, 0, 0],
				"cubes": [
					{"origin": [-15, 12, 10], "size": [28, 10, 2], "uv": [562, 85]},
					{"origin": [-15, 9, -4], "size": [28, 10, 2], "uv": [562, 85]}
				]
			},
			{
				"name": "seats_b",
				"pivot": [44, 8.5, -1],
				"cubes": [
					{"origin": [-16, 6, 2], "size": [32, 5, 10], "uv": [693, 241]},
					{"origin": [-16, 6, -14], "size": [32, 5, 10], "uv": [693, 241]}
				]
			}
		]
	}
}