{
	"format_version": "1.10.0",
	"geometry.simple_vehicles_classic_fire_truck": {
		"texturewidth": 432,
		"textureheight": 432,
		"visible_bounds_width": 7,
		"visible_bounds_height": 4,
		"visible_bounds_offset": [0, 2, 0],
		"bones": [
			{
				"name": "body",
				"pivot": [-0.3447, 16.46591, -3.45455],
				"cubes": [
					{"origin": [-16, 4, -40.5], "size": [32, 12, 2], "uv": [198, 96]},
					{"origin": [-16, 4, -38.5], "size": [32, 2, 10], "uv": [284, 42]},
					{"origin": [-16, 4, -18.5], "size": [32, 8, 2], "uv": [170, 118]},
					{"origin": [-16, 4, -16.5], "size": [32, 6, 16], "uv": [100, 42]},
					{"origin": [-16, 4, -0.5], "size": [32, 2, 18], "uv": [0, 42]},
					{"origin": [-16, 4, 27.5], "size": [32, 2, 12], "uv": [196, 42]},
					{"origin": [14, 6, -38.5], "size": [2, 28, 2], "uv": [32, 316]},
					{"origin": [14, 6, -36.5], "size": [2, 10, 8], "uv": [40, 328]},
					{"origin": [14, 6, -0.5], "size": [2, 20, 18], "uv": [130, 118]},
					{"origin": [10, 6, 27.5], "size": [6, 8, 2], "uv": [80, 378]},
					{"origin": [14, 6, 29.5], "size": [2, 20, 10], "uv": [108, 210]},
					{"origin": [10, 10, -16.5], "size": [6, 4, 16], "uv": [104, 164]},
					{"origin": [-16, 12, -28.5], "size": [32, 1, 10], "uv": [0, 64]},
					{"origin": [10, 12, -18.5], "size": [6, 2, 2], "uv": [124, 404]},
					{"origin": [10, 12, 17.5], "size": [6, 2, 10], "uv": [240, 279]},
					{"origin": [10, 13, -28.5], "size": [6, 1, 10], "uv": [0, 305]},
					{"origin": [14, 14, -28.5], "size": [2, 4, 28], "uv": [222, 64]},
					{"origin": [14, 14, 17.5], "size": [2, 12, 12], "uv": [42, 240]},
					{"origin": [14, 16, -32.5], "size": [2, 2, 4], "uv": [160, 402]},
					{"origin": [14, 18, -18.5], "size": [2, 4, 18], "uv": [96, 186]},
					{"origin": [14, 22, -8.5], "size": [2, 12, 8], "uv": [116, 294]},
					{"origin": [-16, 30, -40.5], "size": [32, 4, 2], "uv": [0, 156]},
					{"origin": [14, 30, -36.5], "size": [2, 4, 14], "uv": [70, 242]},
					{"origin": [14, 30, -18.5], "size": [2, 4, 10], "uv": [66, 328]},
					{"origin": [-16, 6, -30.5], "size": [30, 7, 2], "uv": [0, 162]},
					{"origin": [10, 6, 15.5], "size": [4, 8, 2], "uv": [36, 396]},
					{"origin": [-15, 6, 37.5], "size": [30, 20, 2], "uv": [0, 96]},
					{"origin": [10, 13, -30.5], "size": [4, 1, 2], "uv": [14, 414]},
					{"origin": [-16, 14, -2.5], "size": [30, 14, 2], "uv": [66, 118]},
					{"origin": [-16, 20, -0.5], "size": [30, 2, 38], "uv": [136, 0]},
					{"origin": [-16, 32, -38.5], "size": [30, 2, 38], "uv": [0, 0]},
					{"origin": [-12, 4, -28.5], "size": [24, 8, 10], "uv": [64, 96]},
					{"origin": [-12, 4, 17.5], "size": [24, 2, 10], "uv": [266, 96]},
					{"origin": [10, 6, 17.5], "size": [2, 6, 10], "uv": [136, 294]},
					{"origin": [-16, 10, -2.5], "size": [26, 4, 2], "uv": [40, 186]},
					{"origin": [-16, 11, -16.5], "size": [26, 1, 14], "uv": [0, 75]},
					{"origin": [-16, 12, -15.5], "size": [26, 2, 13], "uv": [84, 64]},
					{"origin": [-16, 13, -20.5], "size": [26, 1, 2], "uv": [136, 198]},
					{"origin": [-10, 14, -20.5], "size": [20, 9, 2], "uv": [32, 225]},
					{"origin": [-10, 14, -15.5], "size": [20, 1, 13], "uv": [0, 132]},
					{"origin": [-10, 15, -3.5], "size": [20, 9, 1], "uv": [0, 240]},
					{"origin": [-16, 6, 15.5], "size": [6, 8, 2], "uv": [56, 378]},
					{"origin": [-12, 6, 17.5], "size": [2, 8, 12], "uv": [190, 240]},
					{"origin": [-16, 10, -16.5], "size": [6, 1, 14], "uv": [32, 210]},
					{"origin": [-16, 12, -18.5], "size": [6, 2, 3], "uv": [18, 396]},
					{"origin": [-16, 13, -30.5], "size": [6, 1, 10], "uv": [0, 294]},
					{"origin": [-16, 6, 27.5], "size": [4, 8, 2], "uv": [48, 396]},
					{"origin": [-16, 12, 17.5], "size": [4, 2, 10], "uv": [80, 300]},
					{"origin": [-16, 6, -38.5], "size": [2, 26, 2], "uv": [92, 316]},
					{"origin": [-16, 6, -36.5], "size": [2, 10, 6], "uv": [222, 346]},
					{"origin": [-16, 6, -0.5], "size": [2, 14, 16], "uv": [68, 156]},
					{"origin": [-16, 6, 29.5], "size": [2, 14, 8], "uv": [60, 294]},
					{"origin": [-16, 14, -30.5], "size": [2, 4, 28], "uv": [162, 64]},
					{"origin": [-16, 14, 15.5], "size": [2, 6, 14], "uv": [182, 210]},
					{"origin": [-16, 16, -32.5], "size": [2, 2, 2], "uv": [110, 411]},
					{"origin": [-16, 18, -22.5], "size": [2, 14, 2], "uv": [96, 378]},
					{"origin": [-16, 18, -20.5], "size": [2, 4, 18], "uv": [0, 186]},
					{"origin": [-16, 22, -8.5], "size": [2, 10, 6], "uv": [22, 362]},
					{"origin": [-16, 22, -0.5], "size": [2, 4, 38], "uv": [272, 0]},
					{"origin": [-16, 28, -2.5], "size": [2, 4, 2], "uv": [38, 409]},
					{"origin": [-16, 30, -36.5], "size": [2, 2, 14], "uv": [158, 240]},
					{"origin": [-16, 30, -20.5], "size": [2, 2, 12], "uv": [32, 294]},
					{"origin": [14, 18, -20.5], "size": [2, 16, 2], "uv": [72, 378]},
					{"origin": [14, 30, -22.5], "size": [2, 4, 2], "uv": [70, 409]},
					{"origin": [16, 4, 16.5], "size": [1, 9, 1], "uv": [62, 409]},
					{"origin": [16, 4, 27.5], "size": [1, 9, 1], "uv": [58, 409]},
					{"origin": [16, 12, 17.5], "size": [1, 1, 10], "uv": [100, 346]},
					{"origin": [16, 4, -18.5], "size": [1, 9, 1], "uv": [50, 409]},
					{"origin": [16, 12, -28.5], "size": [1, 1, 10], "uv": [166, 346]},
					{"origin": [16, 4, -29.5], "size": [1, 9, 1], "uv": [82, 409]},
					{"origin": [-17, 4, -18.5], "size": [1, 9, 1], "uv": [78, 409]},
					{"origin": [-17, 12, -28.5], "size": [1, 1, 10], "uv": [122, 346]},
					{"origin": [-17, 4, -29.5], "size": [1, 9, 1], "uv": [66, 409]},
					{"origin": [-17, 4, 27.5], "size": [1, 9, 1], "uv": [86, 409]},
					{"origin": [-17, 12, 17.5], "size": [1, 1, 10], "uv": [144, 346]},
					{"origin": [-17, 4, 16.5], "size": [1, 9, 1], "uv": [54, 409]},
					{"origin": [-17, 14, -0.5], "size": [1, 1, 11], "uv": [100, 316]},
					{"origin": [-17, 14, 27.5], "size": [1, 1, 11], "uv": [100, 328]},
					{"origin": [-17, 22, -0.5], "size": [1, 1, 11], "uv": [124, 316]},
					{"origin": [-17, 22, 27.5], "size": [1, 1, 11], "uv": [0, 346]},
					{"origin": [16, 11, -0.5], "size": [1, 1, 14], "uv": [60, 279]},
					{"origin": [16, 23, -0.5], "size": [1, 1, 14], "uv": [180, 279]},
					{"origin": [16, 14, 16.5], "size": [1, 1, 12], "uv": [186, 294]},
					{"origin": [16, 23, 16.5], "size": [1, 1, 12], "uv": [160, 294]},
					{"origin": [-17, 14, 13.5], "size": [1, 1, 11], "uv": [24, 346]},
					{"origin": [-17, 22, 13.5], "size": [1, 1, 11], "uv": [48, 346]},
					{"origin": [-17, 8, 7.5], "size": [1, 2, 2], "uv": [120, 409]},
					{"origin": [14, 12, 39.5], "size": [2, 5, 1], "uv": [90, 411]},
					{"origin": [-15, 5, 39.5], "size": [30, 3, 1], "uv": [104, 160]},
					{"origin": [-16, 12, 39.5], "size": [2, 5, 1], "uv": [100, 409]},
					{"origin": [-17, 8, -10.5], "size": [1, 2, 2], "uv": [120, 413]},
					{"origin": [-17, 8, -1.5], "size": [1, 2, 2], "uv": [0, 419]},
					{"origin": [16, 8, -10.5], "size": [1, 2, 2], "uv": [132, 409]},
					{"origin": [16, 8, -1.5], "size": [1, 2, 2], "uv": [126, 413]},
					{"origin": [16, 8, 7.5], "size": [1, 2, 2], "uv": [126, 409]},
					{"origin": [14, 10, 39.5], "size": [2, 2, 1], "uv": [12, 419]},
					{"origin": [-16, 10, 39.5], "size": [2, 2, 1], "uv": [6, 419]},
					{"origin": [16, 18, -38.5], "size": [4, 1, 1], "uv": [110, 409]},
					{"origin": [16, 25, -38.5], "size": [4, 1, 1], "uv": [90, 409]},
					{"origin": [17, 19, -39], "size": [4, 6, 1], "uv": [172, 401]},
					{"origin": [-20, 18, -38.5], "size": [4, 1, 1], "uv": [100, 417]},
					{"origin": [-20, 25, -38.5], "size": [4, 1, 1], "uv": [100, 415]},
					{"origin": [-21, 19, -39], "size": [4, 6, 1], "uv": [0, 409]},
					{"origin": [-12, 11, 39.5], "size": [24, 1, 1], "uv": [132, 233]},
					{"origin": [-12, 23, 39.5], "size": [24, 1, 1], "uv": [70, 240]},
					{"origin": [-15, 3, -41.5], "size": [30, 3, 1], "uv": [104, 156]},
					{"origin": [-8, 23, 25.5], "size": [16, 4, 8], "uv": [136, 186]},
					{"origin": [-7, 23, 23.5], "size": [14, 4, 2], "uv": [0, 322]},
					{"origin": [-7, 23, 33.5], "size": [14, 4, 2], "uv": [0, 316]},
					{"origin": [-6, 23, 22.5], "size": [12, 4, 1], "uv": [138, 367]},
					{"origin": [-6, 23, 35.5], "size": [12, 4, 1], "uv": [138, 362]},
					{"origin": [-4, 23, 21.5], "size": [8, 4, 1], "uv": [18, 401]},
					{"origin": [-4, 23, 36.5], "size": [8, 4, 1], "uv": [0, 396]},
					{"origin": [-1, 24, 36.5], "size": [1, 1, 1], "uv": [24, 419]},
					{"origin": [10, 31, 27.5], "size": [1, 4, 4], "uv": [140, 396]},
					{"origin": [7, 13, -30.5], "size": [3, 2, 10], "uv": [40, 316]},
					{"origin": [7, 15, -22.5], "size": [3, 8, 2], "uv": [104, 396]},
					{"origin": [-6, 24, -21.5], "size": [12, 4, 2], "uv": [72, 346]},
					{"origin": [-10, 13, -30.5], "size": [3, 2, 10], "uv": [66, 316]},
					{"origin": [-10, 15, -22.5], "size": [3, 8, 2], "uv": [114, 396]},
					{"origin": [2, 23, -20.5], "size": [1, 1, 1], "uv": [24, 421]},
					{"origin": [-3, 23, -20.5], "size": [1, 1, 1], "uv": [28, 419]},
					{"origin": [-15.1, 9, -41.5], "size": [5, 6, 2], "uv": [0, 424]},
					{"origin": [10.5, 9, -41.5], "size": [5, 6, 2], "uv": [0, 424]}
				]
			},
			{
				"name": "steering_wheel",
				"parent": "body",
				"pivot": [-0.05, 5.15, -36.45],
				"rotation": [-15, 0, 0],
				"cubes": [
					{"origin": [-1, 17.5, -36.5], "size": [2, 1, 2], "uv": [110, 415]},
					{"origin": [-2, 17, -36.5], "size": [4, 1, 2], "uv": [26, 409]},
					{"origin": [-1, 17, -37.5], "size": [2, 1, 1], "uv": [18, 419]},
					{"origin": [-3, 17.5, -38.5], "size": [6, 1, 1], "uv": [0, 416]},
					{"origin": [2, 17.5, -37.5], "size": [1, 1, 5], "uv": [160, 396]},
					{"origin": [-3, 17.5, -33.5], "size": [5, 1, 1], "uv": [38, 415]},
					{"origin": [-3, 17.5, -37.5], "size": [1, 1, 4], "uv": [14, 409]},
					{"origin": [-1, 17, -34.5], "size": [2, 1, 1], "uv": [18, 421]},
					{"origin": [-1, 6, -36.5], "size": [2, 11, 2], "uv": [60, 396]},
					{"origin": [-2, 6, -37.5], "size": [4, 3, 4], "uv": [162, 378]}
				]
			},
			{
				"name": "bodyL1",
				"pivot": [0, 36, 28],
				"cubes": [
					{"origin": [7, 28, 22.5], "size": [3, 10, 13], "uv": [76, 210]},
					{"origin": [-7, 30, 25.5], "size": [14, 7, 9], "uv": [40, 192]},
					{"origin": [-10, 27, 22.5], "size": [20, 1, 13], "uv": [0, 118]},
					{"origin": [-10, 28, 22.5], "size": [3, 10, 13], "uv": [0, 210]},
					{"origin": [-7, 30, 12.5], "size": [2, 2, 13], "uv": [30, 264]},
					{"origin": [-7, 34, 12.5], "size": [2, 2, 13], "uv": [120, 264]},
					{"origin": [-7, 32, -0.5], "size": [2, 2, 13], "uv": [180, 264]},
					{"origin": [-7, 36, -0.5], "size": [2, 2, 13], "uv": [218, 240]},
					{"origin": [-7, 34, -13.5], "size": [2, 2, 13], "uv": [30, 279]},
					{"origin": [-7, 38, -13.5], "size": [2, 2, 13], "uv": [90, 279]},
					{"origin": [-7, 36, -26.5], "size": [2, 2, 13], "uv": [120, 279]},
					{"origin": [-7, 40, -26.5], "size": [2, 2, 13], "uv": [210, 279]},
					{"origin": [-9, 35, -27.5], "size": [17, 5, 1], "uv": [80, 294]},
					{"origin": [4, 40, -27.5], "size": [4, 4, 1], "uv": [26, 412]},
					{"origin": [-9, 35, -41.5], "size": [1, 9, 14], "uv": [132, 210]},
					{"origin": [-9, 34, -41.5], "size": [18, 1, 15], "uv": [132, 96]},
					{"origin": [-9, 40, -27.5], "size": [5, 4, 1], "uv": [172, 396]},
					{"origin": [-9, 34, -42.5], "size": [18, 10, 1], "uv": [120, 240]},
					{"origin": [8, 35, -41.5], "size": [1, 9, 15], "uv": [192, 186]},
					{"origin": [5, 40, -26.5], "size": [2, 2, 13], "uv": [90, 264]},
					{"origin": [5, 36, -26.5], "size": [2, 2, 13], "uv": [210, 264]},
					{"origin": [5, 38, -13.5], "size": [2, 2, 13], "uv": [150, 279]},
					{"origin": [5, 34, -13.5], "size": [2, 2, 13], "uv": [0, 264]},
					{"origin": [5, 36, -0.5], "size": [2, 2, 13], "uv": [240, 264]},
					{"origin": [5, 32, -0.5], "size": [2, 2, 13], "uv": [150, 264]},
					{"origin": [5, 30, 12.5], "size": [2, 2, 13], "uv": [60, 264]},
					{"origin": [5, 34, 12.5], "size": [2, 2, 13], "uv": [0, 279]},
					{"origin": [-6, 32, 21.5], "size": [12, 2, 2], "uv": [238, 346]},
					{"origin": [-6, 32, 15], "size": [12, 2, 2], "uv": [194, 346]},
					{"origin": [-6, 34, 8.5], "size": [12, 2, 2], "uv": [38, 370]},
					{"origin": [-6, 34, 2], "size": [12, 2, 2], "uv": [38, 362]},
					{"origin": [-6, 36, -4.5], "size": [12, 2, 2], "uv": [38, 366]},
					{"origin": [-6, 36, -11], "size": [12, 2, 2], "uv": [166, 357]},
					{"origin": [-6, 38, -17.5], "size": [12, 2, 2], "uv": [38, 374]},
					{"origin": [-6, 38, -24], "size": [12, 2, 2], "uv": [110, 372]},
					{"origin": [-11, 31, 27.5], "size": [1, 4, 4], "uv": [150, 396]}
				]
			},
			{
				"name": "bodyS",
				"pivot": [-9.5, 3, 37],
				"cubes": [
					{"origin": [-11, 2, 33.5], "size": [3, 2, 7], "uv": [164, 362]}
				]
			},
			{
				"name": "hat",
				"pivot": [0, 24, 0]
			},
			{
				"name": "head",
				"pivot": [-1, 18, -34.5]
			},
			{
				"name": "leftArm",
				"pivot": [5, 22, 0],
				"mirror": true
			},
			{
				"name": "leg0",
				"pivot": [15, 5, -23.5],
				"cubes": [
					{"origin": [-16, 7, -25.5], "size": [4, 3, 4], "uv": [162, 385]},
					{"origin": [12, 7, -25.5], "size": [4, 3, 4], "uv": [178, 378]},
					{"origin": [-16, 3, -21.5], "size": [4, 7, 3], "uv": [132, 378]},
					{"origin": [12, 3, -21.5], "size": [4, 7, 3], "uv": [118, 378]},
					{"origin": [-16, 0, -28.5], "size": [4, 10, 3], "uv": [0, 378]},
					{"origin": [12, 0, -28.5], "size": [4, 10, 3], "uv": [14, 378]},
					{"origin": [-16, 0, -25.5], "size": [4, 3, 7], "uv": [110, 362]},
					{"origin": [12, 0, -25.5], "size": [4, 3, 7], "uv": [88, 362]},
					{"origin": [-15, 3, -25.5], "size": [2, 4, 4], "uv": [68, 396]},
					{"origin": [13, 3, -25.5], "size": [2, 4, 4], "uv": [80, 396]}
				]
			},
			{
				"name": "leg1",
				"pivot": [15.5, 5, 22.5],
				"mirror": true,
				"cubes": [
					{"origin": [12, 7, 20.5], "size": [4, 3, 4], "uv": [146, 388], "mirror": false},
					{"origin": [-16, 7, 20.5], "size": [4, 3, 4], "uv": [0, 401], "mirror": false},
					{"origin": [12, 3, 24.5], "size": [4, 7, 3], "uv": [104, 378], "mirror": false},
					{"origin": [-16, 3, 24.5], "size": [4, 7, 3], "uv": [146, 378], "mirror": false},
					{"origin": [12, 0, 17.5], "size": [4, 10, 3], "uv": [42, 378], "mirror": false},
					{"origin": [-16, 0, 17.5], "size": [4, 10, 3], "uv": [28, 378], "mirror": false},
					{"origin": [12, 0, 20.5], "size": [4, 3, 7], "uv": [66, 362], "mirror": false},
					{"origin": [-16, 0, 20.5], "size": [4, 3, 7], "uv": [0, 362], "mirror": false},
					{"origin": [13, 3, 20.5], "size": [2, 4, 4], "uv": [92, 396], "mirror": false},
					{"origin": [-15, 3, 20.5], "size": [2, 4, 4], "uv": [124, 396], "mirror": false}
				]
			},
			{
				"name": "rightArm",
				"pivot": [-5, 22, 0]
			}
		]
	}
}