{
	"format_version": "1.10.0",
	"geometry.simple_vehicles_classic_helicopter": {
		"texturewidth": 512,
		"textureheight": 512,
		"visible_bounds_width": 10,
		"visible_bounds_height": 4,
		"visible_bounds_offset": [0, 2, 0],
		"bones": [
			{
				"name": "body",
				"pivot": [-0.06164, 14.68493, -1.10959],
				"cubes": [
					{"origin": [-7.5, 4, -10], "size": [16, 3, 4], "uv": [122, 430]},
					{"origin": [-9.5, 7, -14], "size": [2, 12, 44], "uv": [120, 170]},
					{"origin": [8.5, 7, -14], "size": [2, 12, 44], "uv": [212, 170]},
					{"origin": [-8.5, 4, -14], "size": [2, 3, 44], "uv": [180, 226]},
					{"origin": [7.5, 4, -14], "size": [2, 3, 44], "uv": [0, 280]},
					{"origin": [-7.5, 4, 26], "size": [16, 11, 4], "uv": [0, 422]},
					{"origin": [-3.5, 6, 28], "size": [8, 6, 4], "uv": [0, 455]},
					{"origin": [-9.5, 7, -10], "size": [19, 3, 4], "uv": [48, 422]},
					{"origin": [-8.5, 5, -6], "size": [1, 14, 14], "uv": [138, 394]},
					{"origin": [8.5, 5, -6], "size": [1, 14, 14], "uv": [168, 394]},
					{"origin": [12.5, 19, -4], "size": [1, 16, 1], "uv": [60, 478]},
					{"origin": [-13.5, 19, -4], "size": [1, 16, 1], "uv": [64, 478]},
					{"origin": [-13.5, 34, -15], "size": [27, 2, 45], "uv": [0, 0]},
					{"origin": [-10.5, 10, -24], "size": [22, 5, 10], "uv": [190, 364]},
					{"origin": [10.5, 9, -14], "size": [1, 10, 44], "uv": [0, 226]},
					{"origin": [-10.5, 9, -14], "size": [1, 6, 44], "uv": [90, 226]},
					{"origin": [-7.5, 4, -18], "size": [16, 6, 7], "uv": [90, 394]},
					{"origin": [0.5, 8, -21], "size": [3, 3, 3], "uv": [132, 495]},
					{"origin": [3.5, 8, -21], "size": [3, 3, 3], "uv": [120, 495]},
					{"origin": [-8.5, 8, -21], "size": [15, 3, 8], "uv": [198, 394]},
					{"origin": [0.5, 11, -24], "size": [3, 3, 3], "uv": [96, 495]},
					{"origin": [3.5, 11, -24], "size": [3, 3, 3], "uv": [84, 495]},
					{"origin": [-2.5, 11, -24], "size": [3, 3, 3], "uv": [72, 495]},
					{"origin": [-5.5, 11, -24], "size": [3, 3, 3], "uv": [60, 495]},
					{"origin": [6.5, 8, -21], "size": [3, 3, 7], "uv": [90, 458]},
					{"origin": [6.5, 11, -24], "size": [3, 3, 3], "uv": [36, 495]},
					{"origin": [-8.5, 11, -24], "size": [3, 3, 3], "uv": [24, 495]},
					{"origin": [-7.5, 4, -5], "size": [16, 10, 15], "uv": [204, 327]},
					{"origin": [-13.5, 13, -24], "size": [4, 5, 54], "uv": [260, 0]},
					{"origin": [-10.5, 14, -24], "size": [1, 5, 54], "uv": [263, 0]},
					{"origin": [-7.5, 6, 8], "size": [16, 3, 20], "uv": [60, 327]},
					{"origin": [-7.5, 6, -8], "size": [16, 3, 16], "uv": [0, 364]},
					{"origin": [9.5, 14, -24], "size": [4, 5, 54], "uv": [144, 0]},
					{"origin": [-11.5, 12, -24], "size": [3, 2, 54], "uv": [114, 59]},
					{"origin": [-11.5, 11, -24], "size": [3, 1, 54], "uv": [228, 59]},
					{"origin": [-11.5, 10, -24], "size": [3, 1, 54], "uv": [228, 115]},
					{"origin": [-12.5, 12, -24], "size": [3, 2, 54], "uv": [0, 59]},
					{"origin": [9.5, 12, -24], "size": [3, 1, 54], "uv": [114, 115]},
					{"origin": [9.5, 13, -24], "size": [3, 1, 54], "uv": [0, 115]},
					{"origin": [0.5, 16, -24], "size": [3, 3, 3], "uv": [80, 478]},
					{"origin": [3.5, 16, -24], "size": [3, 3, 3], "uv": [68, 484]},
					{"origin": [6.5, 16, -24], "size": [3, 3, 3], "uv": [116, 484]},
					{"origin": [-11.5, 16, -24], "size": [3, 3, 3], "uv": [204, 495]},
					{"origin": [-8.5, 16, -24], "size": [3, 3, 3], "uv": [192, 495]},
					{"origin": [-5.5, 16, -24], "size": [3, 3, 3], "uv": [180, 495]},
					{"origin": [-2.5, 16, -24], "size": [3, 3, 3], "uv": [168, 495]},
					{"origin": [-11.5, 14, -24], "size": [3, 3, 3], "uv": [156, 495]},
					{"origin": [-8.5, 14, -24], "size": [3, 3, 3], "uv": [144, 495]},
					{"origin": [-5.5, 14, -24], "size": [3, 3, 3], "uv": [108, 495]},
					{"origin": [-2.5, 14, -24], "size": [3, 3, 3], "uv": [48, 495]},
					{"origin": [0.5, 14, -24], "size": [3, 3, 3], "uv": [12, 495]},
					{"origin": [3.5, 14, -24], "size": [3, 3, 3], "uv": [0, 495]},
					{"origin": [6.5, 14, -24], "size": [3, 3, 3], "uv": [128, 484]},
					{"origin": [-7.5, 4, 10], "size": [16, 10, 15], "uv": [266, 327]},
					{"origin": [-7.5, 15, 26], "size": [16, 4, 4], "uv": [122, 422]},
					{"origin": [-13.5, 19, 26], "size": [27, 15, 4], "uv": [128, 364]},
					{"origin": [-9.5, 7, 30], "size": [19, 26, 4], "uv": [314, 364]},
					{"origin": [-7.5, 9, 34], "size": [15, 21, 4], "uv": [52, 394]},
					{"origin": [-5, 11, 38], "size": [10, 17, 4], "uv": [94, 422]},
					{"origin": [-3, 13, 42], "size": [6, 13, 24], "uv": [0, 327]},
					{"origin": [-1, 25, 60], "size": [2, 14, 6], "uv": [218, 422]},
					{"origin": [-10.5, 36, -12], "size": [21, 2, 39], "uv": [0, 170]},
					{"origin": [-7.5, 38, -9], "size": [15, 2, 33], "uv": [92, 280]},
					{"origin": [-7.5, 40, 1], "size": [15, 2, 15], "uv": [254, 364]},
					{"origin": [-2.5, 42, 6], "size": [5, 4, 5], "uv": [114, 446]},
					{"origin": [12.5, 19, 10], "size": [1, 16, 1], "uv": [60, 478]},
					{"origin": [-13.5, 19, 10], "size": [1, 16, 1], "uv": [64, 478]},
					{"origin": [10.5, 14, -24], "size": [4, 5, 54], "uv": [144, 0]},
					{"origin": [-14.5, 14, -24], "size": [4, 5, 54], "uv": [144, 0]}
				]
			},
			{
				"name": "farme0",
				"parent": "body",
				"pivot": [0.5, 33.5, -3.5],
				"rotation": [-25, 0, 0],
				"cubes": [
					{"origin": [-13.5, 10.16382, -14.81462], "size": [1, 20, 3], "uv": [26, 446]},
					{"origin": [12.5, 10.16382, -14.81462], "size": [1, 20, 3], "uv": [34, 446]}
				]
			},
			{
				"name": "lower",
				"parent": "body",
				"pivot": [0.5, 13.35294, -1.23529],
				"cubes": [
					{"origin": [-7.5, 3, 8], "size": [16, 3, 20], "uv": [132, 327]},
					{"origin": [-7.5, 3, -8], "size": [16, 3, 16], "uv": [64, 364]},
					{"origin": [-7.5, 3, -15], "size": [16, 2, 8], "uv": [90, 407]},
					{"origin": [16.5, 0, -8], "size": [3, 3, 35], "uv": [188, 280]},
					{"origin": [-18.5, 0, -8], "size": [3, 3, 35], "uv": [264, 280]},
					{"origin": [-15.5, 3, -8], "size": [3, 3, 3], "uv": [116, 478]},
					{"origin": [-12.5, 6, -8], "size": [3, 3, 3], "uv": [104, 484]},
					{"origin": [-15.5, 3, 24], "size": [3, 3, 3], "uv": [104, 478]},
					{"origin": [-12.5, 6, 24], "size": [3, 3, 3], "uv": [92, 484]},
					{"origin": [13.5, 3, 24], "size": [3, 3, 3], "uv": [92, 478]},
					{"origin": [10.5, 6, 24], "size": [3, 3, 3], "uv": [80, 484]},
					{"origin": [10.5, 6, -8], "size": [3, 3, 3], "uv": [68, 478]},
					{"origin": [13.5, 3, -8], "size": [3, 3, 3], "uv": [128, 478]}
				]
			},
			{
				"name": "ajf",
				"parent": "body",
				"pivot": [0.5, 19.5, -8],
				"rotation": [45, 0, 0],
				"cubes": [
					{"origin": [-8.5, 19.36396, -17.53553], "size": [18, 9, 8], "uv": [0, 394]}
				]
			},
			{
				"name": "steer",
				"parent": "body",
				"pivot": [0.40909, 21, -8.72727],
				"cubes": [
					{"origin": [-1, 18, -9], "size": [3, 1, 2], "uv": [240, 495]},
					{"origin": [2, 18, -9], "size": [1, 2, 2], "uv": [258, 495]},
					{"origin": [2, 20, -9], "size": [1, 2, 2], "uv": [12, 501]},
					{"origin": [-0.5, 20, -10], "size": [2, 2, 2], "uv": [250, 495]},
					{"origin": [-1, 23, -9], "size": [3, 1, 2], "uv": [240, 498]},
					{"origin": [2, 22, -9], "size": [1, 2, 2], "uv": [264, 495]},
					{"origin": [-2, 22, -9], "size": [1, 2, 2], "uv": [18, 501]},
					{"origin": [-2, 20, -9], "size": [1, 2, 2], "uv": [6, 501]},
					{"origin": [-2, 18, -9], "size": [1, 2, 2], "uv": [0, 501]},
					{"origin": [-2, 20, -13], "size": [4, 2, 2], "uv": [216, 495]},
					{"origin": [-2, 20, -12], "size": [4, 2, 2], "uv": [228, 495]}
				]
			},
			{
				"name": "2ndpart",
				"parent": "body",
				"pivot": [0.5, 13.35294, -1.23529],
				"cubes": [
					{"origin": [-10.5, 16, -27], "size": [21, 3, 3], "uv": [0, 437]},
					{"origin": [-7.5, 16, -30], "size": [15, 3, 3], "uv": [182, 422]},
					{"origin": [-4.5, 16, -33], "size": [9, 3, 3], "uv": [42, 452]},
					{"origin": [-4.5, 13, -30], "size": [9, 3, 3], "uv": [42, 446]},
					{"origin": [-4.5, 10, -27], "size": [9, 3, 3], "uv": [66, 446]},
					{"origin": [-4.5, 7, -24], "size": [9, 3, 3], "uv": [42, 458]},
					{"origin": [-4.5, 5, -21], "size": [9, 3, 3], "uv": [66, 452]},
					{"origin": [-4.5, 3, -18], "size": [9, 3, 3], "uv": [66, 458]},
					{"origin": [-7.5, 13, -27], "size": [9, 3, 3], "uv": [90, 446]},
					{"origin": [-1.5, 13, -27], "size": [9, 3, 3], "uv": [90, 452]}
				]
			},
			{
				"name": "body2",
				"parent": "body",
				"pivot": [-0.5, 35, 53.5],
				"rotation": [-40, 0, 0],
				"cubes": [
					{"origin": [-1, 25.76604, 56.35721], "size": [2, 16, 8], "uv": [162, 422]}
				]
			},
			{
				"name": "lights",
				"parent": "body",
				"pivot": [0.5, 11.35356, -30.39644],
				"cubes": [
					{"origin": [-2.5, 12.70711, -32.29289], "size": [6, 4, 2], "uv": [40, 485]},
					{"origin": [-4.5, 9, -35], "size": [10, 6, 3], "uv": [0, 446]}
				]
			},
			{
				"name": "propeller",
				"parent": "body",
				"pivot": [0, 45, 8.01515],
				"cubes": [
					{"origin": [-7.5, 44, 11], "size": [5, 2, 5], "uv": [240, 469]},
					{"origin": [-12.5, 44, 16], "size": [5, 2, 5], "uv": [260, 469]},
					{"origin": [-17.5, 44, 21], "size": [5, 2, 5], "uv": [280, 469]},
					{"origin": [-22.5, 44, 26], "size": [5, 2, 5], "uv": [300, 469]},
					{"origin": [-27.5, 44, 31], "size": [5, 2, 5], "uv": [0, 485]},
					{"origin": [22.5, 44, -20], "size": [5, 2, 5], "uv": [20, 478]},
					{"origin": [17.5, 44, -15], "size": [5, 2, 5], "uv": [20, 485]},
					{"origin": [12.5, 44, -10], "size": [5, 2, 5], "uv": [40, 478]},
					{"origin": [7.5, 44, -5], "size": [5, 2, 5], "uv": [200, 469]},
					{"origin": [2.5, 44, 0], "size": [5, 2, 5], "uv": [80, 469]},
					{"origin": [-27.5, 44, -20], "size": [5, 2, 5], "uv": [180, 469]},
					{"origin": [-22.5, 44, -15], "size": [5, 2, 5], "uv": [160, 469]},
					{"origin": [-17.5, 44, -10], "size": [5, 2, 5], "uv": [120, 469]},
					{"origin": [-12.5, 44, -5], "size": [5, 2, 5], "uv": [100, 469]},
					{"origin": [-7.5, 44, 0], "size": [5, 2, 5], "uv": [20, 469]},
					{"origin": [2.5, 44, 11], "size": [5, 2, 5], "uv": [0, 478]},
					{"origin": [7.5, 44, 16], "size": [5, 2, 5], "uv": [220, 469]},
					{"origin": [12.5, 44, 21], "size": [5, 2, 5], "uv": [60, 469]},
					{"origin": [17.5, 44, 26], "size": [5, 2, 5], "uv": [40, 469]},
					{"origin": [22.5, 44, 31], "size": [5, 2, 5], "uv": [140, 469]},
					{"origin": [27.5, 44, 36], "size": [5, 2, 5], "uv": [0, 478]},
					{"origin": [32.5, 44, 41], "size": [5, 2, 5], "uv": [220, 469]},
					{"origin": [37.5, 44, 46], "size": [5, 2, 5], "uv": [60, 469]},
					{"origin": [-42.5, 44, -35], "size": [5, 2, 5], "uv": [0, 478]},
					{"origin": [-37.5, 44, -30], "size": [5, 2, 5], "uv": [220, 469]},
					{"origin": [-32.5, 44, -25], "size": [5, 2, 5], "uv": [60, 469]},
					{"origin": [-42.5, 44, 46], "size": [5, 2, 5], "uv": [0, 485]},
					{"origin": [-37.5, 44, 41], "size": [5, 2, 5], "uv": [300, 469]},
					{"origin": [-32.5, 44, 36], "size": [5, 2, 5], "uv": [280, 469]},
					{"origin": [27.5, 44, -25], "size": [5, 2, 5], "uv": [0, 485]},
					{"origin": [32.5, 44, -30], "size": [5, 2, 5], "uv": [300, 469]},
					{"origin": [37.5, 44, -35], "size": [5, 2, 5], "uv": [280, 469]},
					{"origin": [-2.5, 43, 6], "size": [5, 4, 5], "uv": [0, 469], "inflate": 1}
				]
			},
			{
				"name": "bone",
				"pivot": [0.5, 13, 4]
			},
			{
				"name": "leg0",
				"pivot": [0.5, 13, 4]
			},
			{
				"name": "leg1",
				"pivot": [0.5, 13, 4]
			},
			{
				"name": "leg2",
				"pivot": [0.5, 13, 4]
			},
			{
				"name": "leg3",
				"pivot": [0.5, 13, 4]
			},
			{
				"name": "leg4",
				"pivot": [0.5, 13, 4]
			}
		]
	}
}