{
	"format_version": "1.10.0",
	"geometry.simple_vehicles_classic_limmo": {
		"texturewidth": 256,
		"textureheight": 256,
		"visible_bounds_width": 9,
		"visible_bounds_height": 3,
		"visible_bounds_offset": [0, 1.5, 0],
		"bones": [
			{
				"name": "body",
				"pivot": [-1, 16.5, 0],
				"cubes": [
					{"origin": [-16, 4, -24], "size": [32, 1, 64], "uv": [36, 191]},
					{"origin": [-16, 4, -37], "size": [32, 10, 14], "uv": [164, 109]},
					{"origin": [-16, 5, -24], "size": [1, 9, 32], "uv": [159, 102]},
					{"origin": [-16, 3, 36], "size": [32, 11, 9], "uv": [0, 236]},
					{"origin": [15, 5, -24], "size": [1, 9, 32], "uv": [156, 147]},
					{"origin": [17, 11, 25], "size": [-2, 2, 5], "uv": [119, 0]},
					{"origin": [-16, 3, 39], "size": [32, 2, 2], "uv": [130, 152]},
					{"origin": [-4, 11, 40], "size": [9, 2, 1], "uv": [130, 152]},
					{"origin": [-15, 5, 26], "size": [30, 4, 8], "uv": [0, 92]},
					{"origin": [-15, 5, -10], "size": [30, 4, 7], "uv": [131, 153]},
					{"origin": [-16, 3, 45], "size": [32, 1, 14], "uv": [2, 175]},
					{"origin": [13, 4, 45], "size": [3, 9, 14], "uv": [65, 197]},
					{"origin": [13, 4, -37], "size": [3, 9, 14], "uv": [65, 197]},
					{"origin": [16, 11, -9], "size": [1, 2, 5], "uv": [119, 0]},
					{"origin": [-17, 11, -9], "size": [1, 2, 5], "uv": [119, 0]},
					{"origin": [-17, 11, 25], "size": [1, 2, 5], "uv": [119, 0]},
					{"origin": [-15, 6, 7], "size": [30, 4, 8], "uv": [0, 92]},
					{"origin": [-15, 6, -11], "size": [30, 4, 8], "uv": [0, 91]},
					{"origin": [-16, 25, -13], "size": [32, 1, 55], "uv": [82, 200]},
					{"origin": [-11, 2.5, -38], "size": [23, 2.5, 15], "uv": [0, 239]},
					{"origin": [-9, 2.5, -37], "size": [23, 2.5, 15], "uv": [8, 239]},
					{"origin": [-14, 2.5, -37], "size": [23, 2.5, 15], "uv": [180, 170]},
					{"origin": [-14, 2.5, -22], "size": [23, 2.5, 65], "uv": [35, 189]},
					{"origin": [-9, 2.5, -22], "size": [23, 2.5, 15], "uv": [0, 239]},
					{"origin": [-16, 2, -24], "size": [32, 1, 67], "uv": [58, 21]},
					{"origin": [-16, 5, 8], "size": [1, 9, 28], "uv": [129, 152]},
					{"origin": [-16, 14, 6], "size": [0, 11, 30], "uv": [0, 176]},
					{"origin": [-16, 0, 24], "size": [16, 16, 16], "uv": [0, 174]},
					{"origin": [16, 14, 6], "size": [0, 11, 30], "uv": [0, 176]},
					{"origin": [-16, 4, 45], "size": [32, 10, 14], "uv": [164, 109]},
					{"origin": [-16, 3, 59], "size": [32, 11, 3], "uv": [102, 135]},
					{"origin": [-16, 14, 36], "size": [4, 11, 6], "uv": [130, 152], "mirror": true},
					{"origin": [-16, 13, 37], "size": [4, 11, 6], "uv": [130, 152], "mirror": true},
					{"origin": [-16, 12, 38], "size": [4, 11, 6], "uv": [130, 152], "mirror": true},
					{"origin": [-16, 11, 39], "size": [4, 11, 6], "uv": [130, 152], "mirror": true},
					{"origin": [-16, 10, 40], "size": [4, 11, 6], "uv": [130, 152], "mirror": true},
					{"origin": [-16, 15, 41], "size": [4, 5, 6], "uv": [130, 152], "mirror": true},
					{"origin": [-16, 14, 42], "size": [4, 5, 6], "uv": [220, 193]},
					{"origin": [-16, 13, 43], "size": [4, 5, 6], "uv": [130, 152], "mirror": true},
					{"origin": [-16, 14, 44], "size": [4, 3, 6], "uv": [130, 152], "mirror": true},
					{"origin": [-16, 13, 45], "size": [4, 3, 6], "uv": [130, 152], "mirror": true},
					{"origin": [-16, 14, 51], "size": [4, 1, 1], "uv": [135, 157], "mirror": true},
					{"origin": [12, 14, 44], "size": [4, 3, 6], "uv": [130, 152]},
					{"origin": [12, 14, 51], "size": [4, 1, 1], "uv": [130, 152]},
					{"origin": [12, 14, 42], "size": [4, 5, 6], "uv": [130, 152]},
					{"origin": [12, 13, 43], "size": [4, 5, 6], "uv": [130, 152]},
					{"origin": [12, 15, 41], "size": [4, 5, 6], "uv": [130, 152]},
					{"origin": [12, 13, 40], "size": [4, 8, 6], "uv": [130, 152]},
					{"origin": [12, 11, 39], "size": [4, 11, 6], "uv": [130, 152]},
					{"origin": [12, 12, 38], "size": [4, 11, 6], "uv": [130, 152]},
					{"origin": [12, 13, 37], "size": [4, 11, 6], "uv": [130, 152]},
					{"origin": [12, 14, 36], "size": [4, 11, 6], "uv": [130, 152]},
					{"origin": [-5, 7, 24], "size": [9, 4, 8], "uv": [0, 92]},
					{"origin": [-2, 9, 26], "size": [4, 7, 4], "uv": [147, 165]},
					{"origin": [15, 14, 17], "size": [1, 11, 6], "uv": [171, 145]},
					{"origin": [15, 14, 0], "size": [1, 11, 6], "uv": [171, 145]},
					{"origin": [-16, 14, 0], "size": [1, 11, 6], "uv": [171, 145], "mirror": true},
					{"origin": [-16, 14, 17], "size": [1, 11, 6], "uv": [171, 145], "mirror": true},
					{"origin": [0.9, 9, 26.3], "size": [1, 9, 1], "uv": [147, 165]},
					{"origin": [-15, 3, -24], "size": [30, 1, 67], "uv": [40, 188]},
					{"origin": [-16, 3, -24], "size": [32, 1, 2], "uv": [103, 253]}
				]
			},
			{
				"name": "body77",
				"parent": "body",
				"pivot": [0, 19, 46.5],
				"rotation": [42.5, 0, 0],
				"cubes": [
					{"origin": [-13, 10.26272, 46.82441], "size": [26, 17, 1], "uv": [202, 18]},
					{"origin": [-13, 11.26272, 46.82441], "size": [26, 16, 1], "uv": [243.5, 0], "mirror": true}
				]
			},
			{
				"name": "bodyT5",
				"parent": "body",
				"pivot": [12, 17, 47.5],
				"rotation": [40, 0, 0]
			},
			{
				"name": "bodyT6",
				"parent": "body",
				"pivot": [-13, 18, 46.5],
				"rotation": [42.5, 0, 0],
				"cubes": [
					{"origin": [-16, 10, 47.5], "size": [5, 17, 1], "uv": [106, 184]},
					{"origin": [11, 10, 47.5], "size": [5, 17, 1], "uv": [180, 145]}
				]
			},
			{
				"name": "body0",
				"parent": "body",
				"pivot": [-12.5, 9.5, -38.5],
				"rotation": [0, 30, 0],
				"cubes": [
					{"origin": [-16, 3, -40], "size": [7, 11, 3], "uv": [150, 92]}
				]
			},
			{
				"name": "body1",
				"parent": "body",
				"pivot": [12.5, 9.5, -38.5],
				"rotation": [0, -30, 0],
				"cubes": [
					{"origin": [9, 3, -40], "size": [7, 11, 3], "uv": [150, 92], "mirror": true}
				]
			},
			{
				"name": "bodyT1",
				"parent": "body",
				"pivot": [15.5, 22, -21.5],
				"rotation": [-40, 0, 0],
				"cubes": [
					{"origin": [13, 14.52787, -17.55977], "size": [3, 16, 1], "uv": [245, 147]}
				]
			},
			{
				"name": "bodyT2",
				"parent": "body",
				"pivot": [-15.5, 22, -21.5],
				"rotation": [-40, 0, 0],
				"cubes": [
					{"origin": [-16, 14.52787, -17.55977], "size": [3, 16, 1], "uv": [149, 138]}
				]
			},
			{
				"name": "bodyT01",
				"parent": "body",
				"pivot": [0, 21.5, -14],
				"rotation": [-40, 0, 0],
				"cubes": [
					{"origin": [-13, 8.58999, -16.1265], "size": [26, 17, 1], "uv": [202, 0]}
				]
			},
			{
				"name": "bodyM1",
				"parent": "body",
				"pivot": [15.5, 16, -20],
				"rotation": [0, -20, 0],
				"cubes": [
					{"origin": [15, 14, -21], "size": [7, 4, 2], "uv": [130, 152]}
				]
			},
			{
				"name": "bodyM2",
				"parent": "body",
				"pivot": [-15.5, 16, -20],
				"rotation": [0, 20, 0],
				"cubes": [
					{"origin": [-22, 14, -21], "size": [7, 4, 2], "uv": [130, 152]}
				]
			},
			{
				"name": "bodyB122",
				"parent": "body",
				"pivot": [-1, 16.5, 0],
				"cubes": [
					{"origin": [-10, 3, -41.5], "size": [20, 11, 4], "uv": [103, 92]}
				]
			},
			{
				"name": "body2",
				"parent": "bodyB122",
				"pivot": [0, 12, -24],
				"cubes": [
					{"origin": [-16, 14, -38], "size": [32, 1, 16], "uv": [0, 239]},
					{"origin": [-10, 14, -41.6], "size": [20, 1, 4], "uv": [130, 152]},
					{"origin": [-4, 10, -44.6], "size": [8, 8, 8], "uv": [224, 90], "inflate": -2}
				]
			},
			{
				"name": "bodyL",
				"parent": "body2",
				"pivot": [-12.5, 14.5, -38.5],
				"rotation": [0, 30, 0],
				"cubes": [
					{"origin": [-15.5, 14, -39.86603], "size": [7, 1, 3], "uv": [130, 152]}
				]
			},
			{
				"name": "bodyL2",
				"parent": "body2",
				"pivot": [9.5, 14.5, -35.5],
				"rotation": [0, -30, 0],
				"cubes": [
					{"origin": [6.5, 14, -40.86603], "size": [7, 1, 3], "uv": [130, 152]}
				]
			},
			{
				"name": "bodyc23",
				"parent": "body",
				"pivot": [0, 10, -19.5],
				"rotation": [45, 0, 0],
				"cubes": [
					{"origin": [-15, 6, -22], "size": [30, 8, 5], "uv": [0, 243]}
				]
			},
			{
				"name": "body11",
				"parent": "body",
				"pivot": [7, 12, -15],
				"rotation": [15, 0, 0],
				"cubes": [
					{"origin": [3, 11, -16], "size": [1, 6, 2], "uv": [119, 125]},
					{"origin": [6, 13, -21], "size": [2, 2, 8], "uv": [123, 131]},
					{"origin": [10, 11, -16], "size": [1, 6, 2], "uv": [119, 125]},
					{"origin": [4, 13.5, -16], "size": [6, 1, 2], "uv": [130, 152]},
					{"origin": [4, 16.5, -16], "size": [6, 1, 2], "uv": [119, 125]},
					{"origin": [4, 10.5, -16], "size": [6, 1, 2], "uv": [119, 125]}
				]
			},
			{
				"name": "bodyS11",
				"parent": "body",
				"pivot": [0, 15, -9],
				"rotation": [70, 0, 0],
				"cubes": [
					{"origin": [-15, 7, -12], "size": [30, 2, 8], "uv": [0, 0]}
				]
			},
			{
				"name": "bodyS2",
				"parent": "body",
				"pivot": [0, 12, 9],
				"rotation": [70, 0, 0],
				"cubes": [
					{"origin": [-15, -11.49232, 14.5505], "size": [30, 2, 8], "uv": [0, 0]}
				]
			},
			{
				"name": "body3",
				"parent": "body",
				"pivot": [0, 15, 7.5],
				"rotation": [25, 0, 0],
				"cubes": [
					{"origin": [-15, 8, 5], "size": [30, 10, 3], "uv": [0, 48]}
				]
			},
			{
				"name": "leg0",
				"pivot": [0, 6, -30],
				"cubes": [
					{"origin": [14, 1, -34], "size": [2, 1, 8], "uv": [0, 0]},
					{"origin": [14, 2, -26], "size": [2, 8, 1], "uv": [0, 0]},
					{"origin": [14, 2, -35], "size": [2, 8, 1], "uv": [0, 0]},
					{"origin": [14, 10, -34], "size": [2, 1, 8], "uv": [0, 0]},
					{"origin": [14, 0, -33], "size": [2, 1, 6], "uv": [0, 0]},
					{"origin": [14, 11, -33], "size": [2, 1, 6], "uv": [0, 0]},
					{"origin": [14, 3, -25], "size": [2, 6, 1], "uv": [0, 0]},
					{"origin": [14, 3, -36], "size": [2, 6, 1], "uv": [0, 0]},
					{"origin": [14, 2, -34], "size": [2, 8, 8], "uv": [0, 72], "mirror": true}
				]
			},
			{
				"name": "leg4",
				"parent": "leg0",
				"pivot": [-17, 6, -31],
				"cubes": [
					{"origin": [-16, 2, -34], "size": [2, 8, 8], "uv": [0, 72]},
					{"origin": [-16, 1, -34], "size": [2, 1, 8], "uv": [0, 0]},
					{"origin": [-16, 2, -26], "size": [2, 8, 1], "uv": [0, 0]},
					{"origin": [-16, 2, -35], "size": [2, 8, 1], "uv": [0, 0]},
					{"origin": [-16, 10, -34], "size": [2, 1, 8], "uv": [0, 0]},
					{"origin": [-16, 0, -33], "size": [2, 1, 6], "uv": [0, 0]},
					{"origin": [-16, 11, -33], "size": [2, 1, 6], "uv": [0, 0]},
					{"origin": [-16, 3, -25], "size": [2, 6, 1], "uv": [0, 0]},
					{"origin": [-16, 3, -36], "size": [2, 6, 1], "uv": [0, 0]}
				]
			},
			{
				"name": "leg1",
				"pivot": [0, 6, 52],
				"cubes": [
					{"origin": [14, 2, 48], "size": [2, 8, 8], "uv": [0, 72], "mirror": true},
					{"origin": [14, 1, 48], "size": [2, 1, 8], "uv": [22, 60]},
					{"origin": [14, 2, 56], "size": [2, 8, 1], "uv": [22, 60]},
					{"origin": [14, 2, 47], "size": [2, 8, 1], "uv": [22, 60]},
					{"origin": [14, 10, 48], "size": [2, 1, 8], "uv": [22, 60]},
					{"origin": [14, 0, 49], "size": [2, 1, 6], "uv": [22, 60]},
					{"origin": [14, 11, 49], "size": [2, 1, 6], "uv": [22, 60]},
					{"origin": [14, 3, 57], "size": [2, 6, 1], "uv": [22, 60]},
					{"origin": [14, 3, 46], "size": [2, 6, 1], "uv": [22, 60]}
				]
			},
			{
				"name": "leg2",
				"parent": "leg1",
				"pivot": [-17, 6, -31],
				"cubes": [
					{"origin": [-16, 2, 48], "size": [2, 8, 8], "uv": [0, 72]},
					{"origin": [-16, 1, 48], "size": [2, 1, 8], "uv": [22, 60]},
					{"origin": [-16, 2, 56], "size": [2, 8, 1], "uv": [22, 60]},
					{"origin": [-16, 2, 47], "size": [2, 8, 1], "uv": [22, 60]},
					{"origin": [-16, 10, 48], "size": [2, 1, 8], "uv": [22, 60]},
					{"origin": [-16, 0, 49], "size": [2, 1, 6], "uv": [22, 60]},
					{"origin": [-16, 11, 49], "size": [2, 1, 6], "uv": [22, 60]},
					{"origin": [-16, 3, 57], "size": [2, 6, 1], "uv": [22, 60]},
					{"origin": [-16, 3, 46], "size": [2, 6, 1], "uv": [22, 60]}
				]
			},
			{
				"name": "body4",
				"pivot": [1, 16.5, 0],
				"cubes": [
					{"origin": [-16, 4, 45], "size": [3, 9, 14], "uv": [65, 197], "mirror": true},
					{"origin": [-16, 4, -37], "size": [3, 9, 14], "uv": [65, 197], "mirror": true},
					{"origin": [12, 13, 45], "size": [4, 3, 6], "uv": [130, 152]},
					{"origin": [15, 5, 8], "size": [1, 9, 28], "uv": [129, 152], "mirror": true}
				]
			},
			{
				"name": "bodyT3",
				"parent": "body4",
				"pivot": [15.5, 22, -21.5],
				"rotation": [-40, 0, 0],
				"cubes": [
					{"origin": [13, 14.52787, -17.55977], "size": [3, 16, 1], "uv": [149, 138], "mirror": true}
				]
			}
		]
	}
}