{
	"format_version": "1.10.0",
	"geometry.simple_vehicles_classic_mini_bus": {
		"texturewidth": 512,
		"textureheight": 512,
		"visible_bounds_width": 7,
		"visible_bounds_height": 3,
		"visible_bounds_offset": [0, 1.5, 0],
		"bones": [
			{
				"name": "body",
				"pivot": [-0.5, 16.5, 0],
				"cubes": [
					{"origin": [-13.5, 4, -40], "size": [26, 1, 80], "uv": [0, 29]},
					{"origin": [-14.5, 28, -40], "size": [28, 1, 80], "uv": [296, 98]},
					{"origin": [12.5, 4, -47], "size": [1, 11, 87], "uv": [337, 0]},
					{"origin": [-14.5, 4, -47], "size": [1, 11, 87], "uv": [337, 0], "mirror": true},
					{"origin": [-14.5, 15, -40], "size": [1, 13, 2], "uv": [0, 0]},
					{"origin": [12.5, 15, -40], "size": [1, 13, 2], "uv": [0, 0]},
					{"origin": [12.5, 15, 38], "size": [1, 13, 2], "uv": [0, 0]},
					{"origin": [-14.5, 15, 38], "size": [1, 13, 2], "uv": [0, 0]},
					{"origin": [12.5, 15, 24], "size": [1, 13, 2], "uv": [0, 0]},
					{"origin": [-14.5, 15, 24], "size": [1, 13, 2], "uv": [0, 0]},
					{"origin": [12.5, 15, 6], "size": [1, 13, 2], "uv": [0, 0]},
					{"origin": [-14.5, 15, 6], "size": [1, 13, 2], "uv": [0, 0]},
					{"origin": [12.5, 15, -11], "size": [1, 13, 2], "uv": [0, 0]},
					{"origin": [-14.5, 15, -11], "size": [1, 13, 2], "uv": [0, 0]},
					{"origin": [12.5, 15, -26], "size": [1, 13, 2], "uv": [0, 0]},
					{"origin": [-14.5, 15, -26], "size": [1, 13, 2], "uv": [0, 0]},
					{"origin": [-13.5, 5, 38], "size": [26, 23, 2], "uv": [457, 180]},
					{"origin": [6.5, 13, 39], "size": [5, 3, 2], "uv": [303, 0]},
					{"origin": [-12.5, 13, 39], "size": [5, 3, 2], "uv": [303, 0]},
					{"origin": [-12.5, 9, 39], "size": [5, 3, 2], "uv": [303, 0]},
					{"origin": [6.5, 9, 39], "size": [5, 3, 2], "uv": [303, 0]},
					{"origin": [-12.5, 5, 39], "size": [5, 3, 2], "uv": [303, 0]},
					{"origin": [6.5, 5, 39], "size": [5, 3, 2], "uv": [303, 0]},
					{"origin": [-12.5, 10, -47.5], "size": [5, 3, 0.5], "uv": [134, 2]},
					{"origin": [6.5, 10, -47.5], "size": [5, 3, 0.5], "uv": [134, 2]},
					{"origin": [12.5, 24, -42], "size": [1, 4, 80], "uv": [349, 206]},
					{"origin": [-14.5, 24, -42], "size": [1, 4, 80], "uv": [351, 292]},
					{"origin": [-14.5, 28, -42], "size": [28, 1, 2], "uv": [68, 0]},
					{"origin": [-13.5, 4, -47], "size": [1, 11, 87], "uv": [337, 0], "mirror": true},
					{"origin": [11.5, 4, -47], "size": [1, 11, 87], "uv": [337, 0]},
					{"origin": [13.5, 3.88691, -42.53154], "size": [1, 7, 1], "uv": [396, 136]},
					{"origin": [13.5, 3.96689, -30.49744], "size": [1, 7, 1], "uv": [396, 136]},
					{"origin": [13.5, 12, -38], "size": [1, 1, 4], "uv": [396, 136]},
					{"origin": [13.5, 12, 24], "size": [1, 1, 4], "uv": [396, 136]},
					{"origin": [13.5, 3.88691, 19.46846], "size": [1, 7, 1], "uv": [396, 136]},
					{"origin": [13.5, 3.96689, 31.50256], "size": [1, 7, 1], "uv": [396, 136]},
					{"origin": [-15.5, 12, 24], "size": [1, 1, 4], "uv": [396, 136]},
					{"origin": [-15.5, 3.88691, 19.46846], "size": [1, 7, 1], "uv": [396, 136]},
					{"origin": [-15.5, 3.96689, 31.50256], "size": [1, 7, 1], "uv": [396, 136]},
					{"origin": [-15.5, 3.96689, -30.49744], "size": [1, 7, 1], "uv": [396, 136]},
					{"origin": [-15.5, 12, -38], "size": [1, 1, 4], "uv": [396, 136]},
					{"origin": [-15.5, 3.88691, -42.53154], "size": [1, 7, 1], "uv": [396, 136]},
					{"origin": [-12.5, 5, -47], "size": [24, 10, 2], "uv": [2, 15], "mirror": true},
					{"origin": [-13.5, 4, -47], "size": [26, 1, 7], "uv": [150, 8], "inflate": 0.001, "mirror": true}
				]
			},
			{
				"name": "seat_0",
				"parent": "body",
				"pivot": [-0.5, 16.5, 0],
				"cubes": [
					{"origin": [-1.5, 5, -22], "size": [11, 4, 11], "uv": [13, 27]},
					{"origin": [-1.5, 5, -3], "size": [11, 4, 11], "uv": [13, 27]},
					{"origin": [-1.5, 5, 28], "size": [11, 4, 10], "uv": [14, 28]},
					{"origin": [-1.5, 5, 13], "size": [11, 4, 10], "uv": [14, 28]},
					{"origin": [-1.5, 9, -13], "size": [11, 7, 2], "uv": [23, 34]},
					{"origin": [-1.5, 9, 6], "size": [11, 7, 2], "uv": [23, 34]},
					{"origin": [-1.5, 9, 22], "size": [11, 7, 1], "uv": [24, 35]},
					{"origin": [-1.5, 9, 37], "size": [11, 7, 1], "uv": [24, 35]},
					{"origin": [0.5, 16, -13], "size": [7, 2, 2], "uv": [11, 43]},
					{"origin": [-1.5, 9, -27], "size": [11, 7, 2], "uv": [23, 34]},
					{"origin": [0.5, 16, -27], "size": [7, 2, 2], "uv": [11, 43]},
					{"origin": [0.5, 16, 6], "size": [7, 2, 2], "uv": [11, 43]},
					{"origin": [0.5, 16, 22], "size": [7, 2, 1], "uv": [12, 44]},
					{"origin": [0.5, 16, 37], "size": [7, 2, 1], "uv": [12, 44]},
					{"origin": [-0.5, 5, -36], "size": [11, 5, 11], "uv": [0, 27]}
				]
			},
			{
				"name": "body2",
				"parent": "body",
				"pivot": [-0.5, 26.375, -42],
				"rotation": [-18.5, 0, 0],
				"cubes": [
					{"origin": [12.5, 14, -43], "size": [1, 15, 2], "uv": [0, 0]},
					{"origin": [-14.5, 14, -43], "size": [1, 15, 2], "uv": [0, 0]},
					{"origin": [-13.5, 24, -43], "size": [26, 5, 2], "uv": [7, 0]},
					{"origin": [-13.5, 14, -43], "size": [26, 10, 2], "uv": [456, 0]}
				]
			},
			{
				"name": "body3",
				"parent": "body",
				"pivot": [-0.5, 13, -45],
				"rotation": [-35, 0, 0],
				"cubes": [
					{"origin": [-12.5, 11, -46], "size": [24, 4, 8], "uv": [222, 0]}
				]
			},
			{
				"name": "bone",
				"parent": "body3",
				"pivot": [-0.5, 13, -42],
				"rotation": [-30, 0, 0],
				"cubes": [
					{"origin": [2.5, 11, -44], "size": [4, 7, 4], "uv": [400, 145]}
				]
			},
			{
				"name": "bone2",
				"parent": "body3",
				"pivot": [-0.5, 13, -42],
				"rotation": [-30, 0, 0],
				"cubes": [
					{"origin": [0.5, 16, -46], "size": [8, 1, 8], "uv": [332, 0]}
				]
			},
			{
				"name": "body4",
				"parent": "body",
				"pivot": [14, 10, -30.5],
				"rotation": [65, 0, 0],
				"cubes": [
					{"origin": [13.5, 9.5, -30.2], "size": [1, 5, 1], "uv": [396, 136]},
					{"origin": [13.5, -46.69108, -3.99767], "size": [1, 5, 1], "uv": [396, 136]},
					{"origin": [-15.5, -46.69108, -3.99767], "size": [1, 5, 1], "uv": [396, 136]},
					{"origin": [-15.5, 9.5, -30.2], "size": [1, 5, 1], "uv": [396, 136]}
				]
			},
			{
				"name": "body5",
				"parent": "body",
				"pivot": [14, 8, -42.5],
				"rotation": [-65, 0, 0],
				"cubes": [
					{"origin": [13.5, 9.19148, -45.12976], "size": [1, 5, 1], "uv": [396, 136]},
					{"origin": [13.5, 65.38256, -18.92742], "size": [1, 5, 1], "uv": [396, 136]},
					{"origin": [-15.5, 65.38256, -18.92742], "size": [1, 5, 1], "uv": [396, 136]},
					{"origin": [-15.5, 9.19148, -45.12976], "size": [1, 5, 1], "uv": [396, 136]}
				]
			},
			{
				"name": "body6",
				"parent": "body",
				"pivot": [1, 16.5, 0],
				"cubes": [
					{"origin": [-12.6, 4, -46], "size": [1, 8, 86], "uv": [338, 1], "mirror": true}
				]
			},
			{
				"name": "leg0",
				"pivot": [0, 5, -36],
				"cubes": [
					{"origin": [-15, 0, -39], "size": [2, 1, 6], "uv": [2, 143]},
					{"origin": [-15, 1, -40], "size": [2, 1, 8], "uv": [0, 141]},
					{"origin": [-15, 8, -40], "size": [2, 1, 8], "uv": [0, 141]},
					{"origin": [-15, 2, -32], "size": [2, 6, 1], "uv": [0, 141]},
					{"origin": [-15, 2, -33], "size": [2, 6, 1], "uv": [0, 141]},
					{"origin": [-15, 2, -41], "size": [2, 6, 1], "uv": [0, 141]},
					{"origin": [-15, 2, -40], "size": [2, 6, 1], "uv": [0, 141]},
					{"origin": [-15, 9, -39], "size": [2, 1, 6], "uv": [2, 143]},
					{"origin": [-15, 2, -39], "size": [2, 6, 6], "uv": [2, 159]},
					{"origin": [12, 0, -39], "size": [2, 1, 6], "uv": [2, 143]},
					{"origin": [12, 2, -32], "size": [2, 6, 1], "uv": [0, 141]},
					{"origin": [12, 2, -41], "size": [2, 6, 1], "uv": [0, 141]},
					{"origin": [12, 9, -39], "size": [2, 1, 6], "uv": [2, 143]},
					{"origin": [12, 2, -39], "size": [2, 6, 6], "uv": [2, 159], "mirror": true},
					{"origin": [12, 1, -40], "size": [2, 1, 8], "uv": [0, 141]},
					{"origin": [12, 8, -40], "size": [2, 1, 8], "uv": [0, 141]},
					{"origin": [12, 2, -40], "size": [2, 6, 1], "uv": [0, 141]},
					{"origin": [12, 2, -33], "size": [2, 6, 1], "uv": [0, 141]}
				]
			},
			{
				"name": "leg1",
				"pivot": [0, 5, 26],
				"cubes": [
					{"origin": [-14.5, 0, 22.5], "size": [2, 1, 6], "uv": [2, 143]},
					{"origin": [-14.5, 1, 21.5], "size": [2, 1, 8], "uv": [0, 141]},
					{"origin": [-14.5, 8, 21.5], "size": [2, 1, 8], "uv": [0, 141]},
					{"origin": [-14.5, 2, 29.5], "size": [2, 6, 1], "uv": [0, 141]},
					{"origin": [-14.5, 2, 28.5], "size": [2, 6, 1], "uv": [0, 141]},
					{"origin": [-14.5, 2, 20.5], "size": [2, 6, 1], "uv": [0, 141]},
					{"origin": [-14.5, 2, 21.5], "size": [2, 6, 1], "uv": [0, 141]},
					{"origin": [-14.5, 9, 22.5], "size": [2, 1, 6], "uv": [2, 143]},
					{"origin": [-14.5, 2, 22.5], "size": [2, 6, 6], "uv": [2, 159]},
					{"origin": [12, -0.1, 23], "size": [2, 1, 6], "uv": [2, 143]},
					{"origin": [12, 1.9, 30], "size": [2, 6, 1], "uv": [0, 141]},
					{"origin": [12, 1.9, 21], "size": [2, 6, 1], "uv": [0, 141]},
					{"origin": [12, 8.9, 23], "size": [2, 1, 6], "uv": [2, 143]},
					{"origin": [12, 1.9, 23], "size": [2, 6, 6], "uv": [2, 159], "mirror": true},
					{"origin": [12, 0.9, 22], "size": [2, 1, 8], "uv": [0, 141]},
					{"origin": [12, 7.9, 22], "size": [2, 1, 8], "uv": [0, 141]},
					{"origin": [12, 1.9, 22], "size": [2, 6, 1], "uv": [0, 141]},
					{"origin": [12, 1.9, 29], "size": [2, 6, 1], "uv": [0, 141]}
				]
			},
			{
				"name": "body7",
				"pivot": [42.5, 16.5, 0],
				"cubes": [
					{"origin": [29.5, 4, -40], "size": [26, 1, 80], "uv": [0, 29], "mirror": true},
					{"origin": [28.5, 28, -40], "size": [28, 1, 80], "uv": [296, 98], "mirror": true},
					{"origin": [55.5, 4, -47], "size": [1, 11, 87], "uv": [337, 0]},
					{"origin": [55.5, 15, -40], "size": [1, 13, 2], "uv": [0, 0], "mirror": true},
					{"origin": [28.5, 15, -40], "size": [1, 13, 2], "uv": [0, 0], "mirror": true},
					{"origin": [28.5, 15, 38], "size": [1, 13, 2], "uv": [0, 0], "mirror": true},
					{"origin": [55.5, 15, 38], "size": [1, 13, 2], "uv": [0, 0], "mirror": true},
					{"origin": [28.5, 15, 24], "size": [1, 13, 2], "uv": [0, 0], "mirror": true},
					{"origin": [55.5, 15, 24], "size": [1, 13, 2], "uv": [0, 0], "mirror": true},
					{"origin": [28.5, 15, 6], "size": [1, 13, 2], "uv": [0, 0], "mirror": true},
					{"origin": [55.5, 15, 6], "size": [1, 13, 2], "uv": [0, 0], "mirror": true},
					{"origin": [28.5, 15, -11], "size": [1, 13, 2], "uv": [0, 0], "mirror": true},
					{"origin": [55.5, 15, -11], "size": [1, 13, 2], "uv": [0, 0], "mirror": true},
					{"origin": [28.5, 15, -26], "size": [1, 13, 2], "uv": [0, 0], "mirror": true},
					{"origin": [55.5, 15, -26], "size": [1, 13, 2], "uv": [0, 0], "mirror": true},
					{"origin": [29.5, 5, 38], "size": [26, 23, 2], "uv": [457, 180], "mirror": true},
					{"origin": [30.5, 13, 39], "size": [5, 3, 2], "uv": [303, 0], "mirror": true},
					{"origin": [49.5, 13, 39], "size": [5, 3, 2], "uv": [303, 0], "mirror": true},
					{"origin": [49.5, 9, 39], "size": [5, 3, 2], "uv": [303, 0], "mirror": true},
					{"origin": [30.5, 9, 39], "size": [5, 3, 2], "uv": [303, 0], "mirror": true},
					{"origin": [49.5, 5, 39], "size": [5, 3, 2], "uv": [303, 0], "mirror": true},
					{"origin": [30.5, 5, 39], "size": [5, 3, 2], "uv": [303, 0], "mirror": true},
					{"origin": [49.5, 10, -48], "size": [5, 3, 2], "uv": [132, 0], "mirror": true},
					{"origin": [30.5, 10, -48], "size": [5, 3, 2], "uv": [132, 0], "mirror": true},
					{"origin": [28.5, 24, -42], "size": [1, 4, 80], "uv": [349, 206], "mirror": true},
					{"origin": [55.5, 24, -42], "size": [1, 4, 80], "uv": [351, 292], "mirror": true},
					{"origin": [28.5, 28, -42], "size": [28, 1, 2], "uv": [68, 0], "mirror": true},
					{"origin": [29.5, 4, -47], "size": [1, 11, 87], "uv": [337, 0], "mirror": true},
					{"origin": [27.5, 3.88691, -42.53154], "size": [1, 7, 1], "uv": [396, 136], "mirror": true},
					{"origin": [27.5, 3.96689, -30.49744], "size": [1, 7, 1], "uv": [396, 136], "mirror": true},
					{"origin": [27.5, 12, -38], "size": [1, 1, 4], "uv": [396, 136], "mirror": true},
					{"origin": [27.5, 12, 24], "size": [1, 1, 4], "uv": [396, 136], "mirror": true},
					{"origin": [27.5, 3.88691, 19.46846], "size": [1, 7, 1], "uv": [396, 136], "mirror": true},
					{"origin": [27.5, 3.96689, 31.50256], "size": [1, 7, 1], "uv": [396, 136], "mirror": true},
					{"origin": [56.5, 12, 24], "size": [1, 1, 4], "uv": [396, 136], "mirror": true},
					{"origin": [56.5, 3.88691, 19.46846], "size": [1, 7, 1], "uv": [396, 136], "mirror": true},
					{"origin": [56.5, 3.96689, 31.50256], "size": [1, 7, 1], "uv": [396, 136], "mirror": true},
					{"origin": [56.5, 3.96689, -30.49744], "size": [1, 7, 1], "uv": [396, 136], "mirror": true},
					{"origin": [56.5, 12, -38], "size": [1, 1, 4], "uv": [396, 136], "mirror": true},
					{"origin": [56.5, 3.88691, -42.53154], "size": [1, 7, 1], "uv": [396, 136], "mirror": true}
				]
			},
			{
				"name": "seat_1",
				"parent": "body7",
				"pivot": [42.5, 16.5, 0],
				"cubes": [
					{"origin": [32.5, 5, -22], "size": [20, 5, 11], "uv": [4, 27], "mirror": true},
					{"origin": [32.5, 5, -3], "size": [20, 5, 11], "uv": [4, 27], "mirror": true},
					{"origin": [32.5, 5, 28], "size": [20, 5, 10], "uv": [5, 28], "mirror": true},
					{"origin": [32.5, 5, 13], "size": [20, 5, 10], "uv": [5, 28], "mirror": true},
					{"origin": [31.5, 5, -36], "size": [11, 5, 11], "uv": [0, 27], "mirror": true}
				]
			},
			{
				"name": "body10",
				"parent": "body7",
				"pivot": [28, 10, -30.5],
				"rotation": [65, 0, 0],
				"cubes": [
					{"origin": [27.5, 9.5, -30.2], "size": [1, 5, 1], "uv": [396, 136], "mirror": true},
					{"origin": [27.5, -46.69108, -3.99767], "size": [1, 5, 1], "uv": [396, 136], "mirror": true},
					{"origin": [56.5, -46.69108, -3.99767], "size": [1, 5, 1], "uv": [396, 136], "mirror": true},
					{"origin": [56.5, 9.5, -30.2], "size": [1, 5, 1], "uv": [396, 136], "mirror": true}
				]
			},
			{
				"name": "body11",
				"parent": "body7",
				"pivot": [28, 8, -42.5],
				"rotation": [-65, 0, 0],
				"cubes": [
					{"origin": [27.5, 9.19148, -45.12976], "size": [1, 5, 1], "uv": [396, 136], "mirror": true},
					{"origin": [27.5, 65.38256, -18.92742], "size": [1, 5, 1], "uv": [396, 136], "mirror": true},
					{"origin": [56.5, 65.38256, -18.92742], "size": [1, 5, 1], "uv": [396, 136], "mirror": true},
					{"origin": [56.5, 9.19148, -45.12976], "size": [1, 5, 1], "uv": [396, 136], "mirror": true}
				]
			},
			{
				"name": "body12",
				"parent": "body7",
				"pivot": [41, 16.5, 0],
				"cubes": [
					{"origin": [53.6, 4, -46], "size": [1, 8, 86], "uv": [338, 1]}
				]
			}
		]
	}
}