{
	"format_version": "1.10.0",
	"geometry.simple_vehicles_classic_motor": {
		"texturewidth": 64,
		"textureheight": 64,
		"visible_bounds_width": 4,
		"visible_bounds_height": 3,
		"visible_bounds_offset": [0, 1.5, 0],
		"bones": [
			{
				"name": "body",
				"pivot": [0, 7.25, -2],
				"cubes": [
					{"origin": [-2, 10, -4], "size": [4, 5, 11], "uv": [0, 1]},
					{"origin": [-2, 13, 1], "size": [4, 2, 5], "uv": [46, 57], "inflate": 0.2},
					{"origin": [-2, 13, 2], "size": [4, 2, 5], "uv": [46, 57], "inflate": 0.2},
					{"origin": [-1.5, 4, 9], "size": [-1, 2, 5], "uv": [0, 56], "inflate": 0.5},
					{"origin": [-2, 7, -5], "size": [4, 6, 3], "uv": [8, 9]},
					{"origin": [-2, 2.8, 0.5], "size": [4, 4, 4], "uv": [7, 9]},
					{"origin": [-2, 6, 1], "size": [4, 6, 6], "uv": [5, 6]},
					{"origin": [-2, 2.8, 2.5], "size": [4, 4, 4], "uv": [7, 9], "inflate": 0.5},
					{"origin": [-1.5, 4, 3], "size": [-1, 2, 5], "uv": [9, 56], "inflate": 0.5}
				]
			},
			{
				"name": "bone",
				"parent": "body",
				"pivot": [0, 14, -2.5],
				"rotation": [-15, 0, 0],
				"cubes": [
					{"origin": [-2, 13.2, -5.5], "size": [4, 2, 5], "uv": [6, 11], "inflate": 1.2}
				]
			},
			{
				"name": "bone2",
				"parent": "body",
				"pivot": [0, 7.32141, 6.74435],
				"rotation": [-20, 0, 0],
				"cubes": [
					{"origin": [1, 5.82141, 5.74435], "size": [1, 3, 10], "uv": [0, 32], "inflate": -0.01},
					{"origin": [-2, 5.82141, 5.74435], "size": [1, 3, 10], "uv": [34, 0], "inflate": -0.01}
				]
			},
			{
				"name": "body0",
				"parent": "body",
				"pivot": [0, 20.77661, -0.20569],
				"rotation": [25, 0, 0],
				"cubes": [
					{"origin": [-2, 9.27661, 2.29431], "size": [4, 3, 11], "uv": [0, 18]},
					{"origin": [-4, 9.27661, -3.70569], "size": [2, 2, 11], "uv": [19, 7]},
					{"origin": [-2, 4.27661, 11.29431], "size": [4, 5, 1], "uv": [19, 20]}
				]
			},
			{
				"name": "funnel0",
				"parent": "body0",
				"pivot": [-3, 10.28831, 2.29431],
				"rotation": [-25, 0, 0],
				"cubes": [
					{"origin": [-4, 11.27661, 6.29431], "size": [2, 2, 5], "uv": [46, 0]},
					{"origin": [-3.5, 11.8, 7.29431], "size": [1, 1, 5], "uv": [29, 0]}
				]
			},
			{
				"name": "body1",
				"parent": "body",
				"pivot": [0, 12, -4.5],
				"rotation": [-25, 0, 0],
				"cubes": [
					{"origin": [-2, 11, -10], "size": [4, 4, 7], "uv": [22, 35]},
					{"origin": [-1, 10, -9], "size": [2, 9, 2], "uv": [0, 1]},
					{"origin": [1, 18, -9], "size": [4, 2, 2], "uv": [48, 40]},
					{"origin": [-5, 18, -9], "size": [4, 2, 2], "uv": [51, 29]},
					{"origin": [-7, 19, -9], "size": [2, 1, 2], "uv": [51, 29]},
					{"origin": [5, 19, -9], "size": [2, 1, 2], "uv": [51, 29]},
					{"origin": [1, 2, -9], "size": [2, 12, 2], "uv": [16, 45], "inflate": -0.05},
					{"origin": [-3, 2, -9], "size": [2, 12, 2], "uv": [24, 46], "inflate": -0.05}
				]
			},
			{
				"name": "bone3",
				"parent": "body1",
				"pivot": [0, 13.67107, -8.98369],
				"rotation": [25, 0, 0],
				"cubes": [
					{"origin": [-2, 11.67107, -10.48369], "size": [4, 4, 1], "uv": [0, 32], "inflate": 1},
					{"origin": [-2, 11.67107, -12.48369], "size": [4, 4, 1], "uv": [19, 7]}
				]
			},
			{
				"name": "body3",
				"parent": "body1",
				"pivot": [0, 9.5, -8],
				"rotation": [10, 0, 0],
				"cubes": [
					{"origin": [-2, 8.38296, -14.52941], "size": [4, 1, 8], "uv": [37, 13]}
				]
			},
			{
				"name": "body4",
				"parent": "body3",
				"pivot": [0, 6.5, -3.5],
				"rotation": [35, 0, 0],
				"cubes": [
					{"origin": [-2, 3.59918, -5.32795], "size": [4, 7, 1], "uv": [0, 18]}
				]
			},
			{
				"name": "leg0",
				"parent": "body4",
				"pivot": [0, 6.9, -11],
				"rotation": [-20, 0, 0],
				"cubes": [
					{"origin": [-1, 3.9, -14], "size": [2, 6, 6], "uv": [38, 40]},
					{"origin": [-3, 5.9, -12], "size": [6, 2, 2], "uv": [48, 22], "inflate": -0.05},
					{"origin": [-1, 2.9, -14], "size": [2, 1, 6], "uv": [38, 22]},
					{"origin": [-1, 1.9, -13], "size": [2, 1, 4], "uv": [40, 24]},
					{"origin": [-1, 10.9, -13], "size": [2, 1, 4], "uv": [40, 24]},
					{"origin": [-1, 9.9, -14], "size": [2, 1, 6], "uv": [12, 35]},
					{"origin": [-1, 3.9, -15], "size": [2, 6, 1], "uv": [37, 52]},
					{"origin": [-1, 4.9, -16], "size": [2, 4, 1], "uv": [37, 52]},
					{"origin": [-1, 4.9, -7], "size": [2, 4, 1], "uv": [37, 52]},
					{"origin": [-1, 3.9, -8], "size": [2, 6, 1], "uv": [43, 52]}
				]
			},
			{
				"name": "body2",
				"parent": "body",
				"pivot": [0, 7.5, 1.5],
				"rotation": [-20, 0, 0],
				"cubes": [
					{"origin": [-2, 8, -5], "size": [4, 3, 9], "uv": [21, 23], "inflate": -0.001}
				]
			},
			{
				"name": "body5",
				"parent": "body",
				"pivot": [0, 5, 1],
				"rotation": [-40, 0, 0],
				"cubes": [
					{"origin": [-2, 3, -5], "size": [4, 2, 3], "uv": [8, 9]},
					{"origin": [-2, 3, -2], "size": [4, 4, 4], "uv": [7, 8]}
				]
			},
			{
				"name": "leg1",
				"pivot": [0, 5, 13],
				"cubes": [
					{"origin": [-1, 2, 10], "size": [2, 6, 6], "uv": [38, 40]},
					{"origin": [-3, 4, 12], "size": [6, 2, 2], "uv": [48, 22]},
					{"origin": [-1, 1, 10], "size": [2, 1, 6], "uv": [38, 22]},
					{"origin": [-1, 0, 11], "size": [2, 1, 4], "uv": [40, 24]},
					{"origin": [-1, 9, 11], "size": [2, 1, 4], "uv": [40, 24]},
					{"origin": [-1, 8, 10], "size": [2, 1, 6], "uv": [12, 35]},
					{"origin": [-1, 2, 9], "size": [2, 6, 1], "uv": [37, 52]},
					{"origin": [-1, 3, 8], "size": [2, 4, 1], "uv": [37, 52]},
					{"origin": [-1, 3, 17], "size": [2, 4, 1], "uv": [37, 52]},
					{"origin": [-1, 2, 16], "size": [2, 6, 1], "uv": [43, 52]}
				]
			}
		]
	}
}