{
	"format_version": "1.10.0",
	"geometry.simple_vehicles_classic_plane": {
		"texturewidth": 512,
		"textureheight": 512,
		"visible_bounds_width": 10,
		"visible_bounds_height": 3,
		"visible_bounds_offset": [0, 1.5, 0],
		"bones": [
			{
				"name": "body",
				"pivot": [-1, 16.5, 0],
				"cubes": [
					{"origin": [-14, 4, -40], "size": [26, 1, 72], "uv": [0, 0]},
					{"origin": [-15, 28, -40], "size": [28, 1, 67], "uv": [196, 0]},
					{"origin": [12, 4, -47], "size": [1, 11, 74], "uv": [0, 73]},
					{"origin": [-15, 4, -47], "size": [1, 11, 74], "uv": [150, 73]},
					{"origin": [-14, 5, -47], "size": [26, 10, 2], "uv": [112, 436]},
					{"origin": [-15, 15, -40], "size": [1, 13, 2], "uv": [110, 479]},
					{"origin": [12, 15, -40], "size": [1, 13, 2], "uv": [80, 479]},
					{"origin": [12, 15, 6], "size": [1, 13, 2], "uv": [86, 479]},
					{"origin": [-15, 15, 6], "size": [1, 13, 2], "uv": [92, 479]},
					{"origin": [12, 15, -11], "size": [1, 13, 2], "uv": [98, 479]},
					{"origin": [-15, 15, -11], "size": [1, 13, 2], "uv": [74, 479]},
					{"origin": [12, 15, -26], "size": [1, 13, 2], "uv": [104, 479]},
					{"origin": [-15, 15, -26], "size": [1, 13, 2], "uv": [68, 479]},
					{"origin": [-14, 5, 23], "size": [26, 23, 6], "uv": [296, 347]},
					{"origin": [6, 13, 28], "size": [5, 3, 2], "uv": [116, 484]},
					{"origin": [-13, 13, 28], "size": [5, 3, 2], "uv": [116, 489]},
					{"origin": [-13, 9, 28], "size": [5, 3, 2], "uv": [130, 479]},
					{"origin": [6, 9, 28], "size": [5, 3, 2], "uv": [130, 484]},
					{"origin": [-13, 5, 28], "size": [5, 3, 2], "uv": [130, 489]},
					{"origin": [6, 5, 28], "size": [5, 3, 2], "uv": [116, 479]},
					{"origin": [-14, 4, -47], "size": [26, 1, 7], "uv": [56, 423]},
					{"origin": [12, 24, -42], "size": [1, 4, 69], "uv": [144, 158]},
					{"origin": [-15, 24, -42], "size": [1, 4, 69], "uv": [284, 158]},
					{"origin": [-15, 28, -42], "size": [28, 1, 2], "uv": [168, 448]},
					{"origin": [-14, 5, -47], "size": [1, 11, 71], "uv": [0, 158]},
					{"origin": [11, 5, -47], "size": [1, 11, 72], "uv": [300, 73]},
					{"origin": [-14, 5, -49], "size": [26, 10, 2], "uv": [168, 436]},
					{"origin": [-14, 5, -50], "size": [26, 10, 2], "uv": [218, 411], "inflate": -0.1},
					{"origin": [-14, 5, -51], "size": [26, 10, 2], "uv": [56, 436], "inflate": -0.2},
					{"origin": [-14, 5, -52], "size": [26, 10, 2], "uv": [0, 436], "inflate": -0.3},
					{"origin": [13, 6, -25], "size": [4, 6, 33], "uv": [300, 269]},
					{"origin": [-18, 6, -25], "size": [4, 6, 33], "uv": [0, 308]},
					{"origin": [17, 6, -25], "size": [4, 6, 33], "uv": [74, 308], "mirror": true},
					{"origin": [21, 6, -25], "size": [4, 6, 33], "uv": [148, 308]},
					{"origin": [-20, 6, -25], "size": [4, 6, 33], "uv": [222, 308], "mirror": true},
					{"origin": [-24, 6, -25], "size": [4, 6, 33], "uv": [296, 308]},
					{"origin": [-14, 5, 29], "size": [26, 23, 2], "uv": [280, 386]},
					{"origin": [-14, 5, 31], "size": [26, 23, 2], "uv": [0, 411]},
					{"origin": [-14, 5, 33], "size": [26, 23, 2], "uv": [336, 386]},
					{"origin": [-9, 10, 35], "size": [16, 12, 21], "uv": [222, 347]},
					{"origin": [-14, 5, -51], "size": [26, 10, 2], "uv": [218, 423]},
					{"origin": [-14, 5, -53], "size": [26, 10, 2], "uv": [274, 411]},
					{"origin": [-13, 6, -55], "size": [24, 8, 2], "uv": [228, 443]},
					{"origin": [-12, 7, -57], "size": [22, 6, 2], "uv": [0, 470]},
					{"origin": [-11, 8, -59], "size": [20, 4, 2], "uv": [48, 453]},
					{"origin": [-12, 7, 35], "size": [22, 19, 2], "uv": [122, 411]},
					{"origin": [-12, 7, 37], "size": [22, 19, 2], "uv": [170, 411]},
					{"origin": [-10, 9, 41], "size": [18, 15, 2], "uv": [284, 436]},
					{"origin": [-10, 9, 43], "size": [18, 15, 2], "uv": [0, 453]},
					{"origin": [-68, 8, -9], "size": [50, 1, 27], "uv": [154, 240]},
					{"origin": [-20, 6, -14], "size": [4, 6, 33], "uv": [226, 269]},
					{"origin": [-24, 6, -14], "size": [4, 6, 33], "uv": [152, 269]},
					{"origin": [16, 8, -8], "size": [50, 1, 27], "uv": [0, 240]},
					{"origin": [21, 6, -14], "size": [4, 6, 33], "uv": [74, 347]},
					{"origin": [17, 6, -14], "size": [4, 6, 33], "uv": [0, 347]},
					{"origin": [13, 6, -14], "size": [4, 6, 33], "uv": [148, 347]},
					{"origin": [-10, 9, 39], "size": [18, 15, 2], "uv": [0, 453], "inflate": 1},
					{"origin": [-10, 9, 37], "size": [18, 15, 2], "uv": [284, 436], "inflate": 1},
					{"origin": [-12, 7, 33], "size": [22, 19, 2], "uv": [122, 411], "inflate": 1}
				]
			},
			{
				"name": "seat_0",
				"parent": "body",
				"pivot": [-1, 16.5, 0],
				"cubes": [
					{"origin": [-13, 5, -22], "size": [24, 5, 11], "uv": [70, 386]},
					{"origin": [-13, 5, -3], "size": [24, 5, 11], "uv": [140, 386]},
					{"origin": [-13, 5, -36], "size": [24, 5, 11], "uv": [0, 386]},
					{"origin": [-13, 5, 12], "size": [24, 5, 11], "uv": [210, 386]}
				]
			},
			{
				"name": "body2",
				"parent": "body",
				"pivot": [-1, 26.375, -42],
				"rotation": [-18.5, 0, 0],
				"cubes": [
					{"origin": [12, 12, -43], "size": [1, 17, 2], "uv": [62, 479]},
					{"origin": [-15, 12, -43], "size": [1, 17, 2], "uv": [56, 479]},
					{"origin": [-14, 24, -43], "size": [26, 5, 2], "uv": [228, 436]}
				]
			},
			{
				"name": "body3",
				"parent": "body",
				"pivot": [-1, 13, -45],
				"rotation": [-35, 0, 0],
				"cubes": [
					{"origin": [-13, 11, -46], "size": [24, 4, 8], "uv": [56, 411]}
				]
			},
			{
				"name": "bone",
				"parent": "body3",
				"pivot": [-1, 13, -42],
				"rotation": [-30, 0, 0],
				"cubes": [
					{"origin": [-3, 11, -44], "size": [4, 7, 4], "uv": [40, 479]}
				]
			},
			{
				"name": "bone2",
				"parent": "body3",
				"pivot": [-1, 13, -42],
				"rotation": [-30, 0, 0],
				"cubes": [
					{"origin": [-5, 16, -46], "size": [8, 1, 8], "uv": [110, 453]}
				]
			},
			{
				"name": "wing1",
				"parent": "body",
				"pivot": [17, 8.5, -11],
				"rotation": [0, -20, 0],
				"cubes": [
					{"origin": [16, 8, -25], "size": [48, 1, 28], "uv": [308, 240]}
				]
			},
			{
				"name": "flap1",
				"parent": "wing1",
				"pivot": [17, 8.5, -11],
				"rotation": [0, 20, 0]
			},
			{
				"name": "wing2",
				"parent": "body",
				"pivot": [-18, 8.5, -12],
				"rotation": [0, 20, 0],
				"cubes": [
					{"origin": [-66, 8, -26], "size": [48, 1, 28], "uv": [0, 269]}
				]
			},
			{
				"name": "flap0",
				"parent": "wing2",
				"pivot": [-18, 8.5, -12],
				"rotation": [0, -20, 0]
			},
			{
				"name": "bodyT1",
				"parent": "body",
				"pivot": [-1, 24, 48.5],
				"rotation": [-25, 0, 0],
				"cubes": [
					{"origin": [-2, 22, 49], "size": [2, 19, 7], "uv": [92, 453]}
				]
			},
			{
				"name": "leg0",
				"pivot": [-1.5, 5, -36],
				"cubes": [
					{"origin": [11, 1, -40], "size": [2, 8, 8], "uv": [142, 453]},
					{"origin": [11, 0, -40], "size": [2, 1, 8], "uv": [0, 479]},
					{"origin": [11, 1, -32], "size": [2, 8, 1], "uv": [0, 498]},
					{"origin": [11, 1, -41], "size": [2, 8, 1], "uv": [6, 498]},
					{"origin": [11, 9, -40], "size": [2, 1, 8], "uv": [0, 488]},
					{"origin": [-16, 0, -40], "size": [2, 1, 8], "uv": [20, 479]},
					{"origin": [-16, 1, -32], "size": [2, 8, 1], "uv": [12, 498]},
					{"origin": [-16, 1, -41], "size": [2, 8, 1], "uv": [18, 498]},
					{"origin": [-16, 9, -40], "size": [2, 1, 8], "uv": [20, 488]},
					{"origin": [-16, 1, -40], "size": [2, 8, 8], "uv": [110, 462]}
				]
			},
			{
				"name": "leg1",
				"pivot": [-1.5, 5, 26],
				"cubes": [
					{"origin": [11, 1, 22], "size": [2, 8, 8], "uv": [162, 453]},
					{"origin": [11, 0, 22], "size": [2, 1, 8], "uv": [182, 469]},
					{"origin": [11, 1, 30], "size": [2, 8, 1], "uv": [24, 498]},
					{"origin": [11, 1, 21], "size": [2, 8, 1], "uv": [150, 479]},
					{"origin": [11, 9, 22], "size": [2, 1, 8], "uv": [202, 453]},
					{"origin": [-16, 0, 22], "size": [2, 1, 8], "uv": [202, 462]},
					{"origin": [-16, 1, 30], "size": [2, 8, 1], "uv": [144, 479]},
					{"origin": [-16, 1, 21], "size": [2, 8, 1], "uv": [144, 488]},
					{"origin": [-16, 9, 22], "size": [2, 1, 8], "uv": [222, 453]},
					{"origin": [-16, 1, 22], "size": [2, 8, 8], "uv": [182, 453]}
				]
			}
		]
	}
}