{
	"format_version": "1.10.0",
	"geometry.simple_vehicles_classic_police_car": {
		"texturewidth": 256,
		"textureheight": 256,
		"visible_bounds_width": 10,
		"visible_bounds_height": 3,
		"visible_bounds_offset": [0, 1.5, 0],
		"bones": [
			{
				"name": "body",
				"pivot": [0, 11.81818, 13.84091],
				"cubes": [
					{"origin": [-17, 4, -24], "size": [34, 1, 64], "uv": [0, 145]},
					{"origin": [-17, 5, -24], "size": [34, 8, 16], "uv": [0, 121], "mirror": true},
					{"origin": [15, 5, -8], "size": [2, 8, 37], "uv": [0, 53], "mirror": true},
					{"origin": [15, 13, -8], "size": [2, 1, 37], "uv": [0, 53], "mirror": true},
					{"origin": [-17, 25, -2], "size": [34, 1, 27], "uv": [132, 180]},
					{"origin": [15, 14, 23], "size": [2, 12, 1], "uv": [0, 0]},
					{"origin": [15, 14, 24], "size": [2, 11, 1], "uv": [0, 0]},
					{"origin": [15, 14, 25], "size": [2, 10, 1], "uv": [0, 0]},
					{"origin": [15, 14, 26], "size": [2, 8.8, 1], "uv": [0, 0]},
					{"origin": [15, 14, 27], "size": [2, 7, 1], "uv": [0, 0]},
					{"origin": [15, 14, 28], "size": [2, 5.6, 1], "uv": [0, 0]},
					{"origin": [15, 14, 29], "size": [2, 4, 1], "uv": [0, 0]},
					{"origin": [15, 14, 30], "size": [2, 2.5, 1], "uv": [0, 0]},
					{"origin": [15, 14, 31], "size": [2, 1, 1], "uv": [0, 0]},
					{"origin": [15, 14, 8], "size": [2, 12, 1], "uv": [0, 0]},
					{"origin": [-17, 14, 8], "size": [2, 12, 1], "uv": [0, 0], "mirror": true},
					{"origin": [-17, 14, 31], "size": [2, 1, 1], "uv": [0, 0], "mirror": true},
					{"origin": [-15, 4.5, 0], "size": [30, 5, 8], "uv": [100, 131]},
					{"origin": [-2, 4.5, -4], "size": [4, 6, 13], "uv": [134, 145]},
					{"origin": [-1, 10.5, 5], "size": [1, 1, 2], "uv": [147, 156]},
					{"origin": [0, 10.5, -1], "size": [1, 4, 1], "uv": [148, 157]},
					{"origin": [-2, 10.5, 7], "size": [4, 2, 2], "uv": [152, 159]},
					{"origin": [-15, 5, 16], "size": [30, 5, 8], "uv": [100, 131]},
					{"origin": [-17, 5, -8], "size": [2, 8, 37], "uv": [0, 53]},
					{"origin": [-17, 4, -24], "size": [34, 2, 2], "uv": [0, 28], "inflate": 0.5, "mirror": true},
					{"origin": [-17, 4, 42], "size": [34, 2, 2], "uv": [0, 34], "inflate": 0.5, "mirror": true},
					{"origin": [-16, 26, 5], "size": [32, 2, 9], "uv": [0, 233]},
					{"origin": [-16, 9, -24.4], "size": [7, 3, 2], "uv": [65, 46], "mirror": true},
					{"origin": [9, 9, -24.4], "size": [7, 3, 2], "uv": [65, 46], "mirror": true},
					{"origin": [-16, 9, 42.5], "size": [7, 3, 2], "uv": [65, 53], "mirror": true},
					{"origin": [9, 9, 42.5], "size": [7, 3, 2], "uv": [65, 53], "mirror": true},
					{"origin": [-17, 5, 29], "size": [34, 8, 15], "uv": [84, 107], "mirror": true},
					{"origin": [-17, 14, 32], "size": [34, 1, 11], "uv": [148, 167], "mirror": true},
					{"origin": [-17, 13, 28], "size": [34, 1, 16], "uv": [144, 191], "mirror": true},
					{"origin": [16, 9, 4], "size": [2, 3, 2], "uv": [65, 46], "mirror": true},
					{"origin": [-18, 9, 4], "size": [2, 3, 2], "uv": [65, 46], "mirror": true},
					{"origin": [-18, 9, 20], "size": [2, 3, 2], "uv": [65, 46], "mirror": true},
					{"origin": [16, 9, 20], "size": [2, 3, 2], "uv": [65, 46], "mirror": true},
					{"origin": [-18, 3.88691, -11.46846], "size": [36, 6, 1], "uv": [58, 247], "mirror": true},
					{"origin": [-18, 3.88691, -22.53154], "size": [36, 6, 1], "uv": [58, 247], "mirror": true},
					{"origin": [-18, 11, -18], "size": [36, 1, 3], "uv": [82, 242], "mirror": true},
					{"origin": [-18, 11, 34.8], "size": [36, 1, 3], "uv": [82, 242], "mirror": true},
					{"origin": [-18, 3.88691, 41.33154], "size": [36, 6, 1], "uv": [58, 247], "mirror": true},
					{"origin": [-18, 3.88691, 30.26846], "size": [36, 6, 1], "uv": [58, 247], "mirror": true},
					{"origin": [-17, 13, -8], "size": [2, 1, 37], "uv": [0, 53]},
					{"origin": [-17, 14, 23], "size": [2, 12, 1], "uv": [0, 0], "mirror": true},
					{"origin": [15, 13, -8.8], "size": [2, 1, 0.8], "uv": [8, 1]},
					{"origin": [-17, 14, 24], "size": [2, 11, 1], "uv": [0, 0], "mirror": true},
					{"origin": [-17, 14, 25], "size": [2, 10, 1], "uv": [0, 0], "mirror": true},
					{"origin": [-17, 14, 26], "size": [2, 8.8, 1], "uv": [0, 0], "mirror": true},
					{"origin": [-17, 14, 27], "size": [2, 7, 1], "uv": [0, 0], "mirror": true},
					{"origin": [-17, 14, 28], "size": [2, 5.6, 1], "uv": [0, 0], "mirror": true},
					{"origin": [-17, 14, 29], "size": [2, 4, 1], "uv": [0, 0], "mirror": true},
					{"origin": [-17, 14, 30], "size": [2, 2.5, 1], "uv": [0, 0], "mirror": true},
					{"origin": [-17, 13, -8.8], "size": [2, 1, 0.8], "uv": [8, 1], "mirror": true}
				]
			},
			{
				"name": "body6",
				"parent": "body",
				"pivot": [0, 7, -22.5],
				"rotation": [-65, 0, 0],
				"cubes": [
					{"origin": [-18, 8.19148, -25.12976], "size": [36, 5, 1], "uv": [133, 250], "mirror": true},
					{"origin": [-18, 56.04453, -2.81551], "size": [36, 5, 1], "uv": [133, 250], "mirror": true}
				]
			},
			{
				"name": "body7",
				"parent": "body",
				"pivot": [0, 10.5, -10.5],
				"rotation": [65, 0, 0],
				"cubes": [
					{"origin": [-18, 10.21231, -12.04232], "size": [36, 5, 1], "uv": [133, 250], "mirror": true},
					{"origin": [-18, -37.64074, 10.27192], "size": [36, 5, 1], "uv": [133, 250], "mirror": true}
				]
			},
			{
				"name": "body8",
				"parent": "body",
				"pivot": [0, 13.5, -8.5],
				"rotation": [3.5, 0, 0],
				"cubes": [
					{"origin": [-17, 12.9, -23], "size": [34, 1, 15], "uv": [1, 122], "mirror": true}
				]
			},
			{
				"name": "body0",
				"pivot": [0.16667, 20, -9.5],
				"rotation": [-30, 0, 0],
				"cubes": [
					{"origin": [-17, 13, -5.7], "size": [2, 2, 1], "uv": [7, 0], "mirror": true},
					{"origin": [15, 13, -6], "size": [2, 16, 1], "uv": [7, 0]},
					{"origin": [-15, 27, -6], "size": [30, 2, 1], "uv": [0, 39]},
					{"origin": [-15, 14, -6], "size": [30, 2, 1], "uv": [0, 39]}
				]
			},
			{
				"name": "body2",
				"pivot": [0, 14, 22.33333],
				"rotation": [-15, 0, 0],
				"cubes": [
					{"origin": [-15, 6, 8.5], "size": [12, 8, 2], "uv": [0, 145]},
					{"origin": [-15, 10, 23.5], "size": [30, 8, 2], "uv": [0, 42]},
					{"origin": [2, 6, 8.5], "size": [12, 8, 2], "uv": [0, 145]}
				]
			},
			{
				"name": "body3",
				"pivot": [0, 13, -7],
				"rotation": [-35, 0, 0],
				"cubes": [
					{"origin": [-15, 9, -8], "size": [30, 4, 6], "uv": [177, 132]}
				]
			},
			{
				"name": "body4",
				"pivot": [0, 24.89443, 24.83349],
				"rotation": [33, 0, 0],
				"cubes": [
					{"origin": [16, 11.73095, 24.57527], "size": [1, 14, 1], "uv": [0, 14]},
					{"origin": [15, 11.73095, 24.57527], "size": [1, 14, 1], "uv": [0, 14]},
					{"origin": [-15, 23.73095, 24.57527], "size": [30, 2, 1], "uv": [3, 35]},
					{"origin": [-15, 11.73095, 24.57527], "size": [30, 2, 1], "uv": [3, 35]},
					{"origin": [-16, 11.73095, 24.57527], "size": [1, 14, 1], "uv": [0, 14], "mirror": true},
					{"origin": [-17, 11.73095, 24.57527], "size": [1, 14, 1], "uv": [0, 14], "mirror": true}
				]
			},
			{
				"name": "body5",
				"pivot": [8, 11, -6],
				"rotation": [-60, 0, 0],
				"cubes": [
					{"origin": [5, 11, -9], "size": [6, 3, 6], "uv": [35, 220]}
				]
			},
			{
				"name": "bone5",
				"parent": "body5",
				"pivot": [8, 16.4, -6],
				"cubes": [
					{"origin": [5.1, 16, -7], "size": [2.1, 1, 2], "uv": [43, 224], "inflate": -0.11},
					{"origin": [8.8, 16, -7], "size": [2.1, 1, 2], "uv": [43, 224], "inflate": -0.11},
					{"origin": [7, 13, -7], "size": [2, 4, 2], "uv": [43, 224], "inflate": -0.11}
				]
			},
			{
				"name": "bone4",
				"parent": "bone5",
				"pivot": [8, 16.4, -6],
				"rotation": [0, -90, 0],
				"cubes": [
					{"origin": [6.35831, 15.9, -9.78217], "size": [3.3, 1, 1], "uv": [35, 254], "mirror": true},
					{"origin": [6.35831, 15.9, -3.21783], "size": [3.3, 1, 1], "uv": [35, 254], "mirror": true}
				]
			},
			{
				"name": "bone",
				"parent": "bone5",
				"pivot": [8, 16.4, -6],
				"cubes": [
					{"origin": [6, 15.9, -3], "size": [4, 1, 1], "uv": [35, 254], "mirror": true},
					{"origin": [6, 15.9, -10], "size": [4, 1, 1], "uv": [35, 254], "mirror": true}
				]
			},
			{
				"name": "bone2",
				"parent": "bone5",
				"pivot": [8, 16.4, -6],
				"rotation": [0, 52.5, 0],
				"cubes": [
					{"origin": [7, 15.9, -10], "size": [3, 1, 1], "uv": [36, 254], "mirror": true},
					{"origin": [6, 15.9, -3], "size": [3, 1, 1], "uv": [35, 254], "mirror": true}
				]
			},
			{
				"name": "bone3",
				"parent": "bone5",
				"pivot": [8, 16.4, -6],
				"rotation": [0, 127.5, 0],
				"cubes": [
					{"origin": [6, 15.9, -10], "size": [3, 1, 1], "uv": [35, 254], "mirror": true},
					{"origin": [7, 15.9, -3], "size": [3, 1, 1], "uv": [36, 254], "mirror": true}
				]
			},
			{
				"name": "leg1",
				"pivot": [0, 4.5, 36.5],
				"cubes": [
					{"origin": [-17, 0, 34], "size": [2, 1, 5], "uv": [53, 2]},
					{"origin": [-17, 8, 34], "size": [2, 1, 5], "uv": [53, 2]},
					{"origin": [-17, 2, 34], "size": [2, 5, 5], "uv": [53, 2]},
					{"origin": [-17, 7, 33], "size": [2, 1, 7], "uv": [51, 0]},
					{"origin": [-17, 1, 33], "size": [2, 1, 7], "uv": [51, 0]},
					{"origin": [-17, 2, 32], "size": [2, 5, 1], "uv": [51, 0]},
					{"origin": [-17, 2, 33], "size": [2, 5, 1], "uv": [51, 0]},
					{"origin": [-17, 2, 40], "size": [2, 5, 1], "uv": [51, 0]},
					{"origin": [-17, 2, 39], "size": [2, 5, 1], "uv": [51, 0]},
					{"origin": [15, 0, 34], "size": [2, 1, 5], "uv": [53, 6]},
					{"origin": [15, 8, 34], "size": [2, 1, 5], "uv": [53, 6]},
					{"origin": [15, 1, 33], "size": [2, 1, 7], "uv": [51, 0]},
					{"origin": [15, 2, 33], "size": [2, 5, 1], "uv": [51, 0]},
					{"origin": [15, 2, 39], "size": [2, 5, 1], "uv": [51, 0]},
					{"origin": [15, 2, 34], "size": [2, 5, 5], "uv": [53, 2], "mirror": true},
					{"origin": [15, 7, 33], "size": [2, 1, 7], "uv": [51, 0], "mirror": true},
					{"origin": [15, 2, 32], "size": [2, 5, 1], "uv": [51, 0], "mirror": true},
					{"origin": [15, 2, 40], "size": [2, 5, 1], "uv": [51, 0], "mirror": true}
				]
			},
			{
				"name": "leg2",
				"pivot": [0, 4.5, -16.5],
				"cubes": [
					{"origin": [-17, 0, -19], "size": [2, 1, 5], "uv": [53, 2]},
					{"origin": [-17, 8, -19], "size": [2, 1, 5], "uv": [53, 2]},
					{"origin": [-17, 2, -19], "size": [2, 5, 5], "uv": [53, 2]},
					{"origin": [-17, 7, -20], "size": [2, 1, 7], "uv": [51, 0]},
					{"origin": [-17, 1, -20], "size": [2, 1, 7], "uv": [51, 0]},
					{"origin": [-17, 2, -21], "size": [2, 5, 1], "uv": [51, 0]},
					{"origin": [-17, 2, -20], "size": [2, 5, 1], "uv": [51, 0]},
					{"origin": [-17, 2, -13], "size": [2, 5, 1], "uv": [51, 0]},
					{"origin": [-17, 2, -14], "size": [2, 5, 1], "uv": [51, 0]},
					{"origin": [15, 0, -19], "size": [2, 1, 5], "uv": [53, 6]},
					{"origin": [15, 8, -19], "size": [2, 1, 5], "uv": [53, 6]},
					{"origin": [15, 1, -20], "size": [2, 1, 7], "uv": [51, 0]},
					{"origin": [15, 2, -20], "size": [2, 5, 1], "uv": [51, 0]},
					{"origin": [15, 2, -14], "size": [2, 5, 1], "uv": [51, 0]},
					{"origin": [15, 2, -19], "size": [2, 5, 5], "uv": [53, 2], "mirror": true},
					{"origin": [15, 7, -20], "size": [2, 1, 7], "uv": [51, 0], "mirror": true},
					{"origin": [15, 2, -21], "size": [2, 5, 1], "uv": [51, 0], "mirror": true},
					{"origin": [15, 2, -13], "size": [2, 5, 1], "uv": [51, 0], "mirror": true}
				]
			},
			{
				"name": "body1",
				"pivot": [-0.16667, 20, -9.5],
				"rotation": [-30, 0, 0],
				"cubes": [
					{"origin": [-17, 13, -6], "size": [2, 16, 1], "uv": [7, 0], "mirror": true}
				]
			}
		]
	}
}