{
	"format_version": "1.10.0",
	"geometry.simple_vehicles_classic_speedboat": {
		"texturewidth": 400,
		"textureheight": 400,
		"visible_bounds_width": 5,
		"visible_bounds_height": 3,
		"visible_bounds_offset": [0, 1.5, 0],
		"bones": [
			{
				"name": "body",
				"pivot": [0, 13.35294, -1.23529],
				"cubes": [
					{"origin": [-8, 3, -10], "size": [16, 3, 4], "uv": [106, 329]},
					{"origin": [-10, 6, -14], "size": [2, 12, 44], "uv": [228, 115]},
					{"origin": [8, 6, -14], "size": [2, 12, 44], "uv": [0, 171]},
					{"origin": [-9, 3, -14], "size": [2, 3, 44], "uv": [0, 227]},
					{"origin": [7, 3, -14], "size": [2, 3, 44], "uv": [92, 227]},
					{"origin": [-8, 3, 26], "size": [16, 11, 4], "uv": [60, 327]},
					{"origin": [-4, 5, 28], "size": [8, 6, 4], "uv": [0, 350]},
					{"origin": [-10, 6, -10], "size": [19, 3, 4], "uv": [106, 322]},
					{"origin": [-9, 9, -14], "size": [18, 9, 8], "uv": [170, 299]},
					{"origin": [-9, 4, -6], "size": [1, 14, 14], "uv": [30, 316]},
					{"origin": [8, 4, -6], "size": [1, 14, 14], "uv": [0, 316]},
					{"origin": [8, 18, 7], "size": [1, 6, 1], "uv": [24, 368]},
					{"origin": [-9, 18, 7], "size": [1, 6, 1], "uv": [20, 368]},
					{"origin": [-11, 9, -24], "size": [22, 5, 10], "uv": [262, 274]},
					{"origin": [10, 8, -14], "size": [1, 10, 44], "uv": [92, 171]},
					{"origin": [-11, 8, -14], "size": [1, 6, 44], "uv": [182, 171]},
					{"origin": [-8, 3, -18], "size": [16, 6, 7], "uv": [222, 299]},
					{"origin": [0, 7, -21], "size": [3, 3, 3], "uv": [100, 374]},
					{"origin": [3, 7, -21], "size": [3, 3, 3], "uv": [100, 368]},
					{"origin": [-9, 7, -21], "size": [15, 3, 8], "uv": [60, 316]},
					{"origin": [0, 10, -24], "size": [3, 3, 3], "uv": [88, 368]},
					{"origin": [3, 10, -24], "size": [3, 3, 3], "uv": [76, 374]},
					{"origin": [-3, 10, -24], "size": [3, 3, 3], "uv": [60, 385]},
					{"origin": [-6, 10, -24], "size": [3, 3, 3], "uv": [64, 374]},
					{"origin": [6, 7, -21], "size": [3, 3, 7], "uv": [0, 368]},
					{"origin": [6, 10, -24], "size": [3, 3, 3], "uv": [52, 374]},
					{"origin": [-9, 10, -24], "size": [3, 3, 3], "uv": [52, 368]},
					{"origin": [-8, 3, -5], "size": [16, 10, 15], "uv": [72, 274]},
					{"origin": [-14, 13, -24], "size": [4, 5, 54], "uv": [0, 0]},
					{"origin": [-8, 5, 8], "size": [16, 3, 20], "uv": [184, 227]},
					{"origin": [-8, 5, -8], "size": [16, 3, 16], "uv": [134, 274]},
					{"origin": [9, 13, -24], "size": [4, 5, 54], "uv": [116, 0]},
					{"origin": [-12, 11, -24], "size": [3, 2, 54], "uv": [232, 0]},
					{"origin": [-12, 10, -24], "size": [3, 1, 54], "uv": [228, 59]},
					{"origin": [-12, 9, -24], "size": [3, 1, 54], "uv": [0, 115]},
					{"origin": [-13, 11, -24], "size": [3, 2, 54], "uv": [0, 59]},
					{"origin": [9, 11, -24], "size": [3, 1, 54], "uv": [114, 115]},
					{"origin": [9, 12, -24], "size": [3, 1, 54], "uv": [114, 59]},
					{"origin": [-11, 13, -21], "size": [22, 5, 7], "uv": [60, 299]},
					{"origin": [0, 15, -24], "size": [3, 3, 3], "uv": [28, 368]},
					{"origin": [3, 15, -24], "size": [3, 3, 3], "uv": [76, 368]},
					{"origin": [6, 15, -24], "size": [3, 3, 3], "uv": [64, 368]},
					{"origin": [-12, 15, -24], "size": [3, 3, 3], "uv": [36, 385]},
					{"origin": [-9, 15, -24], "size": [3, 3, 3], "uv": [48, 385]},
					{"origin": [-6, 15, -24], "size": [3, 3, 3], "uv": [40, 374]},
					{"origin": [-3, 15, -24], "size": [3, 3, 3], "uv": [88, 374]},
					{"origin": [-12, 13, -24], "size": [3, 3, 3], "uv": [112, 368]},
					{"origin": [-9, 13, -24], "size": [3, 3, 3], "uv": [112, 374]},
					{"origin": [-6, 13, -24], "size": [3, 3, 3], "uv": [0, 385]},
					{"origin": [-3, 13, -24], "size": [3, 3, 3], "uv": [12, 385]},
					{"origin": [0, 13, -24], "size": [3, 3, 3], "uv": [24, 385]},
					{"origin": [3, 13, -24], "size": [3, 3, 3], "uv": [40, 368]},
					{"origin": [6, 13, -24], "size": [3, 3, 3], "uv": [28, 374]},
					{"origin": [-8, 3, 10], "size": [16, 10, 15], "uv": [72, 274]},
					{"origin": [-8, 15, 26], "size": [16, 3, 4], "uv": [60, 327]},
					{"origin": [8, 18, -9], "size": [0, 6, 16], "uv": [124, 378]},
					{"origin": [-8, 18, -9], "size": [0, 6, 16], "uv": [124, 378]}
				]
			},
			{
				"name": "farme0",
				"parent": "body",
				"pivot": [0, 33.5, -3.5],
				"rotation": [-25, 0, 0],
				"cubes": [
					{"origin": [-9, 13.90631, -4.42262], "size": [1, 10, 3], "uv": [36, 344]},
					{"origin": [8, 13.90631, -4.42262], "size": [1, 10, 3], "uv": [44, 344]}
				]
			},
			{
				"name": "lower",
				"parent": "body",
				"pivot": [0, 13.35294, -1.23529],
				"cubes": [
					{"origin": [-8, 2, 8], "size": [16, 3, 20], "uv": [0, 274]},
					{"origin": [-8, 2, -8], "size": [16, 3, 16], "uv": [198, 274]},
					{"origin": [-8, 2, -15], "size": [16, 2, 8], "uv": [268, 299]}
				]
			},
			{
				"name": "ajf",
				"parent": "body",
				"pivot": [0, 19.5, -8],
				"rotation": [45, 0, 0],
				"cubes": [
					{"origin": [-9, 13.70711, -13.29289], "size": [18, 9, 8], "uv": [118, 299], "inflate": 0.2}
				]
			},
			{
				"name": "steer",
				"parent": "body",
				"pivot": [-0.05, 19, -7.3],
				"cubes": [
					{"origin": [-1.5, 18, -2], "size": [3, 1, 2], "uv": [84, 388]},
					{"origin": [1.5, 18, -2], "size": [1, 2, 2], "uv": [114, 385]},
					{"origin": [1.5, 20, -2], "size": [1, 2, 2], "uv": [108, 385]},
					{"origin": [-2.5, 20, -4], "size": [4, 2, 2], "uv": [72, 385]},
					{"origin": [-1, 20, -3], "size": [2, 2, 2], "uv": [94, 385]},
					{"origin": [-1.5, 23, -2], "size": [3, 1, 2], "uv": [84, 385]},
					{"origin": [1.5, 22, -2], "size": [1, 2, 2], "uv": [102, 385]},
					{"origin": [-2.5, 22, -2], "size": [1, 2, 2], "uv": [132, 385]},
					{"origin": [-2.5, 20, -2], "size": [1, 2, 2], "uv": [126, 385]},
					{"origin": [-2.5, 18, -2], "size": [1, 2, 2], "uv": [120, 385]},
					{"origin": [-2.5, 20, -6], "size": [4, 2, 2], "uv": [72, 385]},
					{"origin": [-2.5, 20, -7], "size": [4, 2, 2], "uv": [72, 385]}
				]
			},
			{
				"name": "2ndpart",
				"parent": "body",
				"pivot": [0, 13.35294, -1.23529],
				"cubes": [
					{"origin": [-11, 15, -27], "size": [21, 3, 3], "uv": [106, 316]},
					{"origin": [-8, 15, -30], "size": [15, 3, 3], "uv": [0, 394]},
					{"origin": [-5, 15, -33], "size": [9, 3, 3], "uv": [76, 356]},
					{"origin": [-5, 12, -30], "size": [9, 3, 3], "uv": [76, 344]},
					{"origin": [-5, 9, -27], "size": [9, 3, 3], "uv": [52, 344]},
					{"origin": [-5, 6, -24], "size": [9, 3, 3], "uv": [52, 356]},
					{"origin": [-5, 4, -21], "size": [9, 3, 3], "uv": [52, 350]},
					{"origin": [-5, 2, -18], "size": [9, 3, 3], "uv": [76, 362]},
					{"origin": [-8, 12, -27], "size": [9, 3, 3], "uv": [76, 350]},
					{"origin": [-2, 12, -27], "size": [9, 3, 3], "uv": [52, 362]}
				]
			},
			{
				"name": "bone",
				"pivot": [0, 13, 4],
				"cubes": [
					{"origin": [-1, 1, 0], "size": [1, 1, 1], "uv": [0, 0]}
				]
			},
			{
				"name": "lights",
				"pivot": [0, 11.35356, -30.39644],
				"cubes": [
					{"origin": [-3, 11.70711, -32.29289], "size": [6, 4, 2], "uv": [75, 394]},
					{"origin": [-5, 8, -35], "size": [10, 6, 3], "uv": [41, 391]}
				]
			}
		]
	}
}