{
	"format_version": "1.10.0",
	"geometry.simple_vehicles_classic_sports_car": {
		"texturewidth": 336,
		"textureheight": 336,
		"visible_bounds_width": 8,
		"visible_bounds_height": 3,
		"visible_bounds_offset": [0, 1.5, 0],
		"bones": [
			{
				"name": "body",
				"pivot": [0, 11.47, 11.43917],
				"cubes": [
					{"origin": [-17, 4, -42], "size": [34, 1, 82], "uv": [0, 0]},
					{"origin": [-17, 5, -24], "size": [34, 8, 16], "uv": [0, 168]},
					{"origin": [15, 5, -8], "size": [2, 8, 48], "uv": [0, 83]},
					{"origin": [-15, 5, 26], "size": [30, 8, 18], "uv": [100, 168]},
					{"origin": [-17, 25, -2], "size": [34, 1, 27], "uv": [0, 139]},
					{"origin": [15, 13, 24], "size": [2, 13, 1], "uv": [70, 275]},
					{"origin": [15, 13, 8], "size": [2, 13, 1], "uv": [58, 275]},
					{"origin": [-17, 13, 24], "size": [2, 13, 1], "uv": [76, 275]},
					{"origin": [-15, 4.5, 0], "size": [30, 5, 8], "uv": [0, 218]},
					{"origin": [-15, 5, 11], "size": [30, 8, 21], "uv": [122, 139]},
					{"origin": [-17, 5, -8], "size": [2, 8, 48], "uv": [100, 83]},
					{"origin": [-17, 4, 42], "size": [34, 1, 2], "uv": [148, 235]},
					{"origin": [15, 4, 41], "size": [2, 9, 3], "uv": [18, 275]},
					{"origin": [-17, 4, 40], "size": [34, 1, 3], "uv": [148, 231]},
					{"origin": [-17, 4, 41], "size": [2, 9, 3], "uv": [28, 275]},
					{"origin": [15, 4, 40], "size": [2, 9, 3], "uv": [38, 275]},
					{"origin": [-17, 4, 40], "size": [2, 9, 3], "uv": [48, 275]},
					{"origin": [15, 13, 25], "size": [2, 11, 1], "uv": [48, 292]},
					{"origin": [15, 13, 26], "size": [2, 9, 1], "uv": [60, 292]},
					{"origin": [15, 13, 27], "size": [2, 8, 1], "uv": [84, 292]},
					{"origin": [15, 13, 28], "size": [2, 6, 1], "uv": [84, 304]},
					{"origin": [15, 12, 29], "size": [2, 6, 1], "uv": [78, 304]},
					{"origin": [15, 10, 30], "size": [2, 6, 1], "uv": [72, 304]},
					{"origin": [-17, 13, 27], "size": [2, 8, 1], "uv": [78, 292]},
					{"origin": [-17, 13, 28], "size": [2, 6, 1], "uv": [60, 304]},
					{"origin": [-17, 12, 29], "size": [2, 6, 1], "uv": [54, 304]},
					{"origin": [-17, 10, 30], "size": [2, 6, 1], "uv": [48, 304]},
					{"origin": [-17, 13, 26], "size": [2, 9, 1], "uv": [66, 292]},
					{"origin": [-17, 13, 25], "size": [2, 11, 1], "uv": [20, 292]},
					{"origin": [-17, 9, -8.5], "size": [2, 5.7, 1.5], "uv": [114, 304]},
					{"origin": [-17, 11, -7], "size": [2, 6, 1], "uv": [108, 304]},
					{"origin": [-17, 13, -6], "size": [2, 6, 1], "uv": [102, 304]},
					{"origin": [-17, 13, -5], "size": [2, 7.5, 1], "uv": [90, 292]},
					{"origin": [-17, 13, -3], "size": [2, 11, 1], "uv": [34, 292]},
					{"origin": [-17, 13, -4], "size": [2, 9.5, 1], "uv": [72, 292]},
					{"origin": [15, 13, -3], "size": [2, 11, 1], "uv": [14, 292]},
					{"origin": [15, 13, -4], "size": [2, 9.5, 1], "uv": [54, 292]},
					{"origin": [15, 13, -5], "size": [2, 7.5, 1], "uv": [102, 292]},
					{"origin": [15, 13, -6], "size": [2, 6, 1], "uv": [42, 304]},
					{"origin": [15, 11, -7], "size": [2, 6, 1], "uv": [90, 304]},
					{"origin": [15, 9, -8.5], "size": [2, 5.7, 1.5], "uv": [120, 304]},
					{"origin": [-17.5, 11, 18], "size": [3, 1, 4], "uv": [82, 275]},
					{"origin": [14.5, 11, 18], "size": [3, 1, 4], "uv": [0, 292]},
					{"origin": [14.5, 11, 3], "size": [3, 1, 4], "uv": [82, 285]},
					{"origin": [-17.5, 11, 3], "size": [3, 1, 4], "uv": [82, 280]},
					{"origin": [-15, 5, -24], "size": [30, 8, 16], "uv": [92, 194]},
					{"origin": [-15, 5, 26], "size": [30, 8, 16], "uv": [0, 194]},
					{"origin": [12, 12, 50], "size": [2, 8, 2], "uv": [40, 292]},
					{"origin": [-14, 12, 50], "size": [2, 8, 2], "uv": [26, 292]},
					{"origin": [-17, 10, 43.5], "size": [34, 3, 4], "uv": [0, 231]},
					{"origin": [-17, 13, 8], "size": [2, 13, 1], "uv": [64, 275]},
					{"origin": [-17, 5, -40], "size": [34, 2, 16], "uv": [196, 168]},
					{"origin": [-17, 7, -35], "size": [34, 2, 11], "uv": [184, 194]},
					{"origin": [-17, 9, -29], "size": [34, 2, 5], "uv": [228, 218]},
					{"origin": [14, 13, -20], "size": [3, 2, 13], "uv": [0, 319]},
					{"origin": [14, 15, -17], "size": [3, 2, 13], "uv": [0, 319]},
					{"origin": [14, 17, -13], "size": [3, 2, 11], "uv": [35, 322]},
					{"origin": [14, 19, -10], "size": [3, 2, 8], "uv": [18, 321]},
					{"origin": [14, 21, -7], "size": [3, 2, 5], "uv": [31, 322]},
					{"origin": [-17, 21, -7], "size": [2, 2, 5], "uv": [31, 322]},
					{"origin": [-17, 19, -10], "size": [2, 2, 8], "uv": [18, 321]},
					{"origin": [-17, 17, -13], "size": [2, 2, 11], "uv": [35, 322]},
					{"origin": [-17, 15, -17], "size": [2, 2, 13], "uv": [0, 319]},
					{"origin": [-17, 13, -20], "size": [2, 2, 13], "uv": [0, 319]},
					{"origin": [-20, 4, 37], "size": [3, 5, 1], "uv": [66, 330]},
					{"origin": [-20, 4, 25], "size": [3, 5, 1], "uv": [66, 330]},
					{"origin": [-20, 10, 30], "size": [3, 1, 4], "uv": [77, 330]},
					{"origin": [17, 4, 25], "size": [3, 5, 1], "uv": [66, 330]},
					{"origin": [17, 10, 30], "size": [3, 1, 4], "uv": [77, 330]},
					{"origin": [17, 4, 37], "size": [3, 5, 1], "uv": [66, 330]},
					{"origin": [16, 4, -28], "size": [3, 5, 1], "uv": [66, 330]},
					{"origin": [16, 10, -23], "size": [3, 1, 4], "uv": [77, 330]},
					{"origin": [16, 4, -16], "size": [3, 5, 1], "uv": [66, 330]},
					{"origin": [-19, 4, -28], "size": [3, 5, 1], "uv": [66, 330]},
					{"origin": [-19, 10, -23], "size": [3, 1, 4], "uv": [77, 330]},
					{"origin": [-19, 4, -16], "size": [3, 5, 1], "uv": [66, 330]},
					{"origin": [-17, 10, 47.5], "size": [34, 3, 4], "uv": [0, 231]},
					{"origin": [15, 4, 43], "size": [2, 9, 3], "uv": [18, 275]},
					{"origin": [-17, 4, 43], "size": [2, 9, 3], "uv": [28, 275]}
				]
			},
			{
				"name": "body0",
				"parent": "body",
				"pivot": [0.16667, 33, -20.5],
				"rotation": [-60, 0, 0],
				"cubes": [
					{"origin": [-17, 30, -5], "size": [2, 16, 1], "uv": [102, 255]},
					{"origin": [15, 30, -5], "size": [2, 16, 1], "uv": [0, 275]},
					{"origin": [-17, 18, -5], "size": [2, 16, 1], "uv": [102, 255]},
					{"origin": [15, 18, -5], "size": [2, 16, 1], "uv": [0, 275]}
				]
			},
			{
				"name": "body2",
				"parent": "body",
				"pivot": [0, 14, 22.33333],
				"rotation": [-15, 0, 0],
				"cubes": [
					{"origin": [-15, 6, 8.5], "size": [12, 8, 2], "uv": [32, 241]},
					{"origin": [2, 6, 8.5], "size": [12, 8, 2], "uv": [60, 241]}
				]
			},
			{
				"name": "body3",
				"parent": "body",
				"pivot": [0, 13, -7],
				"rotation": [-35, 0, 0],
				"cubes": [
					{"origin": [-15, 9, -8], "size": [30, 4, 6], "uv": [76, 231]}
				]
			},
			{
				"name": "body5",
				"parent": "body",
				"pivot": [8, 11, -6],
				"rotation": [-60, 0, 0],
				"cubes": [
					{"origin": [5, 9, -9], "size": [6, 4, 6], "uv": [112, 241]},
					{"origin": [5, 11, -9], "size": [6, 4, 6], "uv": [88, 241]},
					{"origin": [4, 14, -10], "size": [8, 0, 8], "uv": [0, 241]}
				]
			},
			{
				"name": "body4",
				"parent": "body",
				"pivot": [0, 26, 26],
				"rotation": [30, 0, 0],
				"cubes": [
					{"origin": [-17, 11, 24], "size": [2, 16, 1], "uv": [6, 275]},
					{"origin": [15, 11, 24], "size": [2, 16, 1], "uv": [12, 275]}
				]
			},
			{
				"name": "body8",
				"parent": "body",
				"pivot": [-18, 14, -4.5],
				"rotation": [0, 20, 0],
				"cubes": [
					{"origin": [-19, 11, -5], "size": [2, 6, 1], "uv": [36, 304]},
					{"origin": [-21, 11, -5], "size": [2, 6, 1], "uv": [30, 304]}
				]
			},
			{
				"name": "body9",
				"parent": "body",
				"pivot": [17, 14, -4.5],
				"rotation": [0, -20, 0],
				"cubes": [
					{"origin": [19, 11, -5], "size": [2, 6, 1], "uv": [96, 304]},
					{"origin": [17, 11, -5], "size": [2, 6, 1], "uv": [66, 304]}
				]
			},
			{
				"name": "body10",
				"parent": "body",
				"pivot": [0, 17, 44],
				"rotation": [40, 0, 0],
				"cubes": [
					{"origin": [-15, 13.8577, 46.12836], "size": [30, 2, 8], "uv": [152, 218]}
				]
			},
			{
				"name": "trusses",
				"parent": "body",
				"pivot": [0, 12, 39],
				"rotation": [-30, 0, 0],
				"cubes": [
					{"origin": [-17, 9, 46], "size": [34, 8, 4], "uv": [76, 218]}
				]
			},
			{
				"name": "frame0",
				"parent": "body",
				"pivot": [-16, 19.5, 17.5],
				"rotation": [-45, 0, 0],
				"cubes": [
					{"origin": [-17, 9, 17], "size": [2, 19, 1], "uv": [72, 255]},
					{"origin": [15, 9, 17], "size": [2, 19, 1], "uv": [96, 255]}
				]
			},
			{
				"name": "body6",
				"parent": "body",
				"pivot": [0, 9, -26],
				"rotation": [20, 0, 0],
				"cubes": [
					{"origin": [-17, 10, -43], "size": [34, 2, 20], "uv": [224, 139]}
				]
			},
			{
				"name": "body7",
				"parent": "body",
				"pivot": [0.16667, 33, -20.5],
				"rotation": [-60, 0, 0],
				"cubes": [
					{"origin": [-17, 30, -5], "size": [2, 16, 1], "uv": [102, 255]},
					{"origin": [15, 30, -5], "size": [2, 16, 1], "uv": [0, 275]},
					{"origin": [-17, 18, -5], "size": [2, 16, 1], "uv": [102, 255]},
					{"origin": [15, 18, -5], "size": [2, 16, 1], "uv": [0, 275]}
				]
			},
			{
				"name": "obdy",
				"parent": "body",
				"pivot": [-18.5, 9.5, 35.5],
				"rotation": [65, 0, 0],
				"cubes": [
					{"origin": [-20, 7, 35], "size": [3, 5, 1], "uv": [66, 330]},
					{"origin": [17, 7, 35], "size": [3, 5, 1], "uv": [66, 330]},
					{"origin": [16, 55.03431, 12.60123], "size": [3, 5, 1], "uv": [66, 330]},
					{"origin": [-19, 55.03431, 12.60123], "size": [3, 5, 1], "uv": [66, 330]}
				]
			},
			{
				"name": "obdy2",
				"parent": "body",
				"pivot": [-18.5, 9.5, 25.5],
				"rotation": [-65, 0, 0],
				"cubes": [
					{"origin": [-20, 9, 25.9], "size": [3, 5, 1], "uv": [66, 330]},
					{"origin": [17, 9, 25.9], "size": [3, 5, 1], "uv": [66, 330]},
					{"origin": [16, -39.03431, 3.50123], "size": [3, 5, 1], "uv": [66, 330]},
					{"origin": [-19, -39.03431, 3.50123], "size": [3, 5, 1], "uv": [66, 330]}
				]
			},
			{
				"name": "leg0",
				"pivot": [0, 4.5, -16.5],
				"cubes": [
					{"origin": [-18, 0, -25], "size": [2, 1, 7], "uv": [54, 255]},
					{"origin": [-18, 8, -25], "size": [2, 1, 7], "uv": [36, 263]},
					{"origin": [-18, 1, -25], "size": [2, 7, 7], "uv": [154, 241]},
					{"origin": [-18, 1, -26], "size": [2, 7, 1], "uv": [0, 304]},
					{"origin": [-18, 1, -18], "size": [2, 7, 1], "uv": [6, 304]},
					{"origin": [16, 0, -25], "size": [2, 1, 7], "uv": [18, 263]},
					{"origin": [16, 8, -25], "size": [2, 1, 7], "uv": [18, 255]},
					{"origin": [16, 1, -25], "size": [2, 7, 7], "uv": [172, 241]},
					{"origin": [16, 1, -26], "size": [2, 7, 1], "uv": [12, 304]},
					{"origin": [16, 1, -18], "size": [2, 7, 1], "uv": [18, 304]}
				]
			},
			{
				"name": "leg1",
				"pivot": [0, 4.5, 31.5],
				"cubes": [
					{"origin": [-19, 0, 28], "size": [2, 1, 7], "uv": [36, 255]},
					{"origin": [-19, 8, 28], "size": [2, 1, 7], "uv": [0, 263]},
					{"origin": [-19, 1, 28], "size": [2, 7, 7], "uv": [136, 241]},
					{"origin": [-19, 1, 27], "size": [2, 7, 1], "uv": [114, 292]},
					{"origin": [-19, 1, 35], "size": [2, 7, 1], "uv": [96, 292]},
					{"origin": [17, 0, 28], "size": [2, 1, 7], "uv": [0, 255]},
					{"origin": [17, 8, 28], "size": [2, 1, 7], "uv": [78, 255]},
					{"origin": [17, 1, 28], "size": [2, 7, 7], "uv": [190, 241]},
					{"origin": [17, 1, 27], "size": [2, 7, 1], "uv": [108, 292]},
					{"origin": [17, 1, 35], "size": [2, 7, 1], "uv": [24, 304]}
				]
			}
		]
	}
}