{
	"format_version": "1.10.0",
	"geometry.simple_vehicles_classic_tank": {
		"texturewidth": 304,
		"textureheight": 304,
		"visible_bounds_width": 8,
		"visible_bounds_height": 3,
		"visible_bounds_offset": [0, 1.5, 0],
		"bones": [
			{
				"name": "body",
				"pivot": [0, 13.35294, -1.23529],
				"cubes": [
					{"origin": [-15, 5.5, -11], "size": [30, 5, 8], "uv": [0, 204]},
					{"origin": [-15, 6, 5], "size": [30, 5, 8], "uv": [204, 48]},
					{"origin": [-17, 5, -35], "size": [34, 2, 2], "uv": [71, 141], "inflate": 0.5},
					{"origin": [-17, 5, 31], "size": [34, 2, 2], "uv": [135, 63], "inflate": 0.5},
					{"origin": [-17, 5, -32], "size": [34, 1, 64], "uv": [0, 76]},
					{"origin": [-16, 10, -36], "size": [7, 3, 2], "uv": [30, 0]},
					{"origin": [9, 10, -36], "size": [7, 3, 2], "uv": [45, 61]},
					{"origin": [-16, 10, 32], "size": [7, 3, 2], "uv": [27, 61]},
					{"origin": [9, 10, 32], "size": [7, 3, 2], "uv": [48, 34]},
					{"origin": [-17, 6, -34], "size": [34, 8, 67], "uv": [0, 1]},
					{"origin": [-17, 14, -25], "size": [34, 8, 16], "uv": [201, 63]},
					{"origin": [-17, 14, -9], "size": [34, 8, 16], "uv": [201, 87]},
					{"origin": [-17, 13.42262, 20.09369], "size": [34, 8, 9], "uv": [204, 139]},
					{"origin": [-17, 14, 7], "size": [34, 8, 16], "uv": [204, 24]},
					{"origin": [-17, 22, -16], "size": [34, 8, 16], "uv": [201, 111]},
					{"origin": [-17, 22, 0], "size": [34, 8, 16], "uv": [204, 0]},
					{"origin": [-17, 28, -15], "size": [34, 6, 3], "uv": [204, 156]}
				]
			},
			{
				"name": "bodyA1",
				"parent": "body",
				"pivot": [0, 10, 24],
				"rotation": [-35, 0, 0],
				"cubes": [
					{"origin": [-17, 13.81915, 6.42642], "size": [34, 8, 16], "uv": [175, 198]}
				]
			},
			{
				"name": "leg0",
				"pivot": [0, 5.5, 24.5],
				"cubes": [
					{"origin": [-18, 9, 21], "size": [2, 1, 7], "uv": [0, 53]},
					{"origin": [-18, 2, 21], "size": [2, 7, 7], "uv": [40, 39]},
					{"origin": [-18, 2, 20], "size": [2, 7, 1], "uv": [54, 100]},
					{"origin": [-18, 2, 28], "size": [2, 7, 1], "uv": [54, 92]},
					{"origin": [16, 1, 21], "size": [2, 1, 7], "uv": [0, 100]},
					{"origin": [16, 9, 21], "size": [2, 1, 7], "uv": [0, 92]},
					{"origin": [16, 2, 21], "size": [2, 7, 7], "uv": [19, 18]},
					{"origin": [16, 2, 20], "size": [2, 7, 1], "uv": [48, 108]},
					{"origin": [16, 2, 28], "size": [2, 7, 1], "uv": [58, 39]},
					{"origin": [-18, 1, 21], "size": [2, 1, 7], "uv": [11, 46]}
				]
			},
			{
				"name": "leg1",
				"pivot": [0.5, 5.5, -25.5],
				"cubes": [
					{"origin": [-18, 1, -29], "size": [2, 1, 7], "uv": [48, 26]},
					{"origin": [-18, 9, -29], "size": [2, 1, 7], "uv": [11, 54]},
					{"origin": [-18, 2, -29], "size": [2, 7, 7], "uv": [30, 25]},
					{"origin": [-18, 2, -30], "size": [2, 7, 1], "uv": [17, 0]},
					{"origin": [-18, 2, -22], "size": [2, 7, 1], "uv": [0, 11]},
					{"origin": [17, 1, -29], "size": [2, 1, 7], "uv": [18, 84]},
					{"origin": [17, 9, -29], "size": [2, 1, 7], "uv": [36, 84]},
					{"origin": [17, 2, -29], "size": [2, 7, 7], "uv": [22, 39]},
					{"origin": [17, 2, -30], "size": [2, 7, 1], "uv": [36, 108]},
					{"origin": [17, 2, -22], "size": [2, 7, 1], "uv": [59, 0]}
				]
			},
			{
				"name": "turret",
				"pivot": [0, 22, -17.5],
				"cubes": [
					{"origin": [-4, 18, -68], "size": [8, 8, 55], "uv": [0, 141]}
				]
			},
			{
				"name": "leg2",
				"pivot": [0.5, 5.5, -12.5],
				"cubes": [
					{"origin": [-18, 1, -16], "size": [2, 1, 7], "uv": [18, 100]},
					{"origin": [-18, 9, -16], "size": [2, 1, 7], "uv": [0, 108]},
					{"origin": [-18, 2, -16], "size": [2, 7, 7], "uv": [0, 21]},
					{"origin": [-18, 2, -17], "size": [2, 7, 1], "uv": [30, 108]},
					{"origin": [-18, 2, -9], "size": [2, 7, 1], "uv": [24, 108]},
					{"origin": [17, 1, -16], "size": [2, 1, 7], "uv": [36, 92]},
					{"origin": [17, 9, -16], "size": [2, 1, 7], "uv": [18, 92]},
					{"origin": [17, 2, -16], "size": [2, 7, 7], "uv": [0, 39]},
					{"origin": [17, 2, -17], "size": [2, 7, 1], "uv": [42, 108]},
					{"origin": [17, 2, -9], "size": [2, 7, 1], "uv": [0, 1]}
				]
			},
			{
				"name": "leg3",
				"pivot": [0.5, 5.5, 0.5],
				"cubes": [
					{"origin": [-18, 1, -3], "size": [2, 1, 7], "uv": [0, 84]},
					{"origin": [-18, 9, -3], "size": [2, 1, 7], "uv": [36, 76]},
					{"origin": [-18, 2, -3], "size": [2, 7, 7], "uv": [11, 32]},
					{"origin": [-18, 2, -4], "size": [2, 7, 1], "uv": [0, 35]},
					{"origin": [-18, 2, 4], "size": [2, 7, 1], "uv": [52, 14]},
					{"origin": [17, 1, -3], "size": [2, 1, 7], "uv": [40, 53]},
					{"origin": [17, 9, -3], "size": [2, 1, 7], "uv": [22, 53]},
					{"origin": [17, 2, -3], "size": [2, 7, 7], "uv": [30, 11]},
					{"origin": [17, 2, -4], "size": [2, 7, 1], "uv": [57, 52]},
					{"origin": [17, 2, 4], "size": [2, 7, 1], "uv": [58, 13]}
				]
			},
			{
				"name": "leg4",
				"pivot": [0.5, 5.5, 12.5],
				"cubes": [
					{"origin": [-18, 1, 9], "size": [2, 1, 7], "uv": [41, 18]},
					{"origin": [-18, 9, 9], "size": [2, 1, 7], "uv": [36, 100]},
					{"origin": [-18, 2, 9], "size": [2, 7, 7], "uv": [41, 0]},
					{"origin": [-18, 2, 8], "size": [2, 7, 1], "uv": [59, 21]},
					{"origin": [-18, 2, 16], "size": [2, 7, 1], "uv": [54, 76]},
					{"origin": [17, 1, 9], "size": [2, 1, 7], "uv": [18, 76]},
					{"origin": [17, 9, 9], "size": [2, 1, 7], "uv": [0, 76]},
					{"origin": [17, 2, 9], "size": [2, 7, 7], "uv": [19, 4]},
					{"origin": [17, 2, 8], "size": [2, 7, 1], "uv": [54, 84]},
					{"origin": [17, 2, 16], "size": [2, 7, 1], "uv": [18, 108]}
				]
			},
			{
				"name": "body2",
				"pivot": [0, 10, 23.5],
				"rotation": [-2, 0, 0],
				"cubes": [
					{"origin": [17, 11.99939, -28.0349], "size": [4, 2, 61], "uv": [135, 0]},
					{"origin": [-21, 11.99939, -28.0349], "size": [4, 2, 61], "uv": [132, 76]}
				]
			},
			{
				"name": "body3",
				"parent": "body2",
				"pivot": [0, 7.5, -29.5],
				"rotation": [50, 0, 0],
				"cubes": [
					{"origin": [17, 9.66913, -33.25686], "size": [4, 1, 9], "uv": [0, 11]},
					{"origin": [-21, 9.66913, -33.25686], "size": [4, 1, 9], "uv": [0, 1]}
				]
			},
			{
				"name": "track1",
				"pivot": [-19, 5.5, -0.5],
				"cubes": [
					{"origin": [-19, 0, -29], "size": [4, 1, 57], "uv": [139, 140]},
					{"origin": [-19, 10, -29], "size": [4, 1, 57], "uv": [69, 147]},
					{"origin": [-19, 9, -30], "size": [4, 1, 1], "uv": [33, 57]},
					{"origin": [-19, 8, -31], "size": [4, 1, 1], "uv": [41, 26]},
					{"origin": [-19, 1, -30], "size": [4, 1, 1], "uv": [41, 28]},
					{"origin": [-19, 2, -31], "size": [4, 1, 1], "uv": [11, 21]},
					{"origin": [-19, 7, -31], "size": [4, 1, 1], "uv": [11, 23]},
					{"origin": [-19, 6, -31], "size": [4, 1, 1], "uv": [30, 5]},
					{"origin": [-19, 5, -31], "size": [4, 1, 1], "uv": [30, 7]},
					{"origin": [-19, 4, -31], "size": [4, 1, 1], "uv": [30, 9]},
					{"origin": [-19, 3, -31], "size": [4, 1, 1], "uv": [6, 35]},
					{"origin": [-19, 8, 29], "size": [4, 1, 1], "uv": [6, 37]},
					{"origin": [-19, 7, 29], "size": [4, 1, 1], "uv": [33, 39]},
					{"origin": [-19, 6, 29], "size": [4, 1, 1], "uv": [33, 41]},
					{"origin": [-19, 5, 29], "size": [4, 1, 1], "uv": [41, 30]},
					{"origin": [-19, 4, 29], "size": [4, 1, 1], "uv": [33, 43]},
					{"origin": [-19, 3, 29], "size": [4, 1, 1], "uv": [33, 53]},
					{"origin": [-19, 2, 29], "size": [4, 1, 1], "uv": [33, 55]},
					{"origin": [-19, 9, 28], "size": [4, 1, 1], "uv": [41, 14]},
					{"origin": [-19, 1, 28], "size": [4, 1, 1], "uv": [41, 16]}
				]
			},
			{
				"name": "track0",
				"pivot": [18, 5.5, -0.5],
				"cubes": [
					{"origin": [16, 0, -29], "size": [4, 1, 57], "uv": [139, 140]},
					{"origin": [16, 10, -29], "size": [4, 1, 57], "uv": [69, 147]},
					{"origin": [16, 9, -30], "size": [4, 1, 1], "uv": [33, 57]},
					{"origin": [16, 8, -31], "size": [4, 1, 1], "uv": [41, 26]},
					{"origin": [16, 1, -30], "size": [4, 1, 1], "uv": [41, 28]},
					{"origin": [16, 2, -31], "size": [4, 1, 1], "uv": [11, 21]},
					{"origin": [16, 7, -31], "size": [4, 1, 1], "uv": [11, 23]},
					{"origin": [16, 6, -31], "size": [4, 1, 1], "uv": [30, 5]},
					{"origin": [16, 5, -31], "size": [4, 1, 1], "uv": [30, 7]},
					{"origin": [16, 4, -31], "size": [4, 1, 1], "uv": [30, 9]},
					{"origin": [16, 3, -31], "size": [4, 1, 1], "uv": [6, 35]},
					{"origin": [16, 8, 29], "size": [4, 1, 1], "uv": [6, 37]},
					{"origin": [16, 7, 29], "size": [4, 1, 1], "uv": [33, 39]},
					{"origin": [16, 6, 29], "size": [4, 1, 1], "uv": [33, 41]},
					{"origin": [16, 5, 29], "size": [4, 1, 1], "uv": [41, 30]},
					{"origin": [16, 4, 29], "size": [4, 1, 1], "uv": [33, 43]},
					{"origin": [16, 3, 29], "size": [4, 1, 1], "uv": [33, 53]},
					{"origin": [16, 2, 29], "size": [4, 1, 1], "uv": [33, 55]},
					{"origin": [16, 9, 28], "size": [4, 1, 1], "uv": [41, 14]},
					{"origin": [16, 1, 28], "size": [4, 1, 1], "uv": [41, 16]}
				]
			}
		]
	}
}