{
	"format_version": "1.10.0",
	"geometry.simple_vehicles_classic_taxi": {
		"texturewidth": 256,
		"textureheight": 256,
		"visible_bounds_width": 7,
		"visible_bounds_height": 3,
		"visible_bounds_offset": [0, 1.5, 0],
		"bones": [
			{
				"name": "body",
				"pivot": [0, 11.47, 11.43917],
				"cubes": [
					{"origin": [-17, 4, -24], "size": [34, 1, 64], "uv": [0, 145]},
					{"origin": [-17, 5, -24], "size": [34, 8, 16], "uv": [0, 0], "mirror": true},
					{"origin": [15, 5, -8], "size": [2, 8, 48], "uv": [0, 24], "mirror": true},
					{"origin": [-15, 5, 26], "size": [30, 8, 18], "uv": [63, 229]},
					{"origin": [-17, 25, -2], "size": [34, 1, 27], "uv": [16, 95]},
					{"origin": [15, 13, 24], "size": [2, 13, 1], "uv": [0, 0]},
					{"origin": [15, 13, 8], "size": [2, 13, 1], "uv": [0, 0]},
					{"origin": [-17, 13, 24], "size": [2, 13, 1], "uv": [0, 0]},
					{"origin": [-15, 4.5, 0], "size": [30, 5, 8], "uv": [0, 132]},
					{"origin": [-15, 5, 16], "size": [30, 5, 8], "uv": [0, 132]},
					{"origin": [-17, 5, -8], "size": [2, 8, 48], "uv": [0, 24]},
					{"origin": [-17, 4, -26], "size": [34, 2, 2], "uv": [80, 130], "inflate": 0.5, "mirror": true},
					{"origin": [-17, 4, 42], "size": [34, 1, 2], "uv": [80, 130], "inflate": 0.5, "mirror": true},
					{"origin": [15, 4, 41], "size": [2, 9, 3], "uv": [0, 221], "mirror": true},
					{"origin": [-17, 4, 40], "size": [34, 1, 3], "uv": [0, 218]},
					{"origin": [-17, 4, 41], "size": [2, 9, 3], "uv": [0, 221]},
					{"origin": [15, 4, 40], "size": [2, 9, 3], "uv": [0, 221], "mirror": true},
					{"origin": [-14, 5, -26.3], "size": [28, 8, 2.3], "uv": [196, 40], "mirror": true},
					{"origin": [-17, 4, 40], "size": [2, 9, 3], "uv": [0, 221], "mirror": true},
					{"origin": [15, 13, 25], "size": [2, 11, 1], "uv": [0, 0]},
					{"origin": [15, 13, 26], "size": [2, 9, 1], "uv": [0, 0]},
					{"origin": [15, 13, 27], "size": [2, 8, 1], "uv": [0, 0]},
					{"origin": [15, 13, 28], "size": [2, 6, 1], "uv": [0, 0]},
					{"origin": [15, 12, 29], "size": [2, 6, 1], "uv": [0, 0]},
					{"origin": [15, 10, 30], "size": [2, 6, 1], "uv": [0, 0]},
					{"origin": [-17, 13, 27], "size": [2, 8, 1], "uv": [0, 0]},
					{"origin": [-17, 13, 28], "size": [2, 6, 1], "uv": [0, 0]},
					{"origin": [-17, 12, 29], "size": [2, 6, 1], "uv": [0, 0]},
					{"origin": [-17, 10, 30], "size": [2, 6, 1], "uv": [0, 0]},
					{"origin": [-17, 13, 26], "size": [2, 9, 1], "uv": [0, 0]},
					{"origin": [-17, 13, 25], "size": [2, 11, 1], "uv": [0, 0]},
					{"origin": [-17, 13, -2], "size": [2, 12, 26], "uv": [199, 52]},
					{"origin": [-17, 9, -8.5], "size": [2, 5.7, 1.5], "uv": [0, 63]},
					{"origin": [-17, 11, -7], "size": [2, 6, 1], "uv": [0, 0]},
					{"origin": [-17, 13, -6], "size": [2, 6, 1], "uv": [0, 0]},
					{"origin": [-17, 13, -5], "size": [2, 7.5, 1], "uv": [0, 0]},
					{"origin": [-17, 13, -3], "size": [2, 11, 1], "uv": [0, 0]},
					{"origin": [-17, 13, -4], "size": [2, 9.5, 1], "uv": [0, 0]},
					{"origin": [15, 13, -3], "size": [2, 11, 1], "uv": [0, 0]},
					{"origin": [15, 13, -4], "size": [2, 9.5, 1], "uv": [0, 0]},
					{"origin": [15, 13, -5], "size": [2, 7.5, 1], "uv": [0, 0]},
					{"origin": [15, 13, -6], "size": [2, 6, 1], "uv": [0, 0]},
					{"origin": [15, 11, -7], "size": [2, 6, 1], "uv": [0, 0]},
					{"origin": [15, 9, -8.5], "size": [2, 5.7, 1.5], "uv": [0, 63]},
					{"origin": [15, 13, -2], "size": [2, 12, 26], "uv": [199, 52], "mirror": true},
					{"origin": [-17.5, 11, 18], "size": [3, 1, 4], "uv": [196, 205]},
					{"origin": [14.5, 11, 18], "size": [3, 1, 4], "uv": [196, 205]},
					{"origin": [14.5, 11, 3], "size": [3, 1, 4], "uv": [196, 205]},
					{"origin": [-17.5, 11, 3], "size": [3, 1, 4], "uv": [196, 205]},
					{"origin": [-15, 5, -24], "size": [30, 8, 16], "uv": [52, 48], "mirror": true},
					{"origin": [-15, 5, 26], "size": [30, 8, 16], "uv": [52, 48], "mirror": true},
					{"origin": [-18, 3, -11], "size": [36, 5, 1], "uv": [160, 250], "mirror": true},
					{"origin": [-18, 9.8, -19], "size": [36, 1, 5], "uv": [160, 244], "mirror": true},
					{"origin": [-18, 3, -23], "size": [36, 5, 1], "uv": [160, 250], "mirror": true},
					{"origin": [-18, 3, 37], "size": [36, 5, 1], "uv": [160, 250], "mirror": true},
					{"origin": [-18, 3, 25], "size": [36, 5, 1], "uv": [160, 250], "mirror": true},
					{"origin": [-18, 9.8, 29], "size": [36, 1, 5], "uv": [160, 244], "mirror": true},
					{"origin": [-16.5, 28.5, 8], "size": [33, 1, 4], "uv": [182, 229]},
					{"origin": [-16.5, 27.5, 8], "size": [33, 1, 4], "uv": [182, 229]},
					{"origin": [-16.5, 26.5, 8], "size": [33, 1, 4], "uv": [182, 229]},
					{"origin": [-16.5, 26.5, 8.5], "size": [33, 1, 4], "uv": [182, 229]},
					{"origin": [-16.5, 26.5, 7.5], "size": [33, 1, 4], "uv": [182, 229]},
					{"origin": [-16.5, 25.5, 7.5], "size": [33, 1, 4], "uv": [182, 229]},
					{"origin": [-16.5, 25.5, 8.5], "size": [33, 1, 4], "uv": [182, 229]},
					{"origin": [-16.5, 25.5, 6.5], "size": [33, 1, 4], "uv": [182, 229]}
				]
			},
			{
				"name": "body0",
				"parent": "body",
				"pivot": [0.16667, 20, -9.5],
				"rotation": [-30, 0, 0],
				"cubes": [
					{"origin": [-17, 13, -6], "size": [2, 16, 1], "uv": [100, 0]},
					{"origin": [15, 13, -6], "size": [2, 16, 1], "uv": [100, 0]},
					{"origin": [-16.5, 13, -6], "size": [33, 16, 1], "uv": [106, 0]},
					{"origin": [-16.5, 33, 1], "size": [33, 4, 1], "uv": [188, 239]}
				]
			},
			{
				"name": "body2",
				"parent": "body",
				"pivot": [0, 14, 22.33333],
				"rotation": [-15, 0, 0],
				"cubes": [
					{"origin": [-15, 6, 8.5], "size": [12, 8, 2], "uv": [0, 144]},
					{"origin": [-15, 10, 23.5], "size": [30, 8, 2], "uv": [0, 123]},
					{"origin": [2, 6, 8.5], "size": [12, 8, 2], "uv": [0, 144]}
				]
			},
			{
				"name": "body3",
				"parent": "body",
				"pivot": [0, 13, -7],
				"rotation": [-35, 0, 0],
				"cubes": [
					{"origin": [-15, 9, -8], "size": [30, 4, 6], "uv": [76, 134]}
				]
			},
			{
				"name": "body5",
				"parent": "body",
				"pivot": [8, 11, -6],
				"rotation": [-60, 0, 0],
				"cubes": [
					{"origin": [5, 9, -9], "size": [6, 4, 6], "uv": [0, 246]},
					{"origin": [5, 11, -9], "size": [6, 4, 6], "uv": [0, 246]},
					{"origin": [4, 15, -10], "size": [8, 0, 8], "uv": [24, 247], "mirror": true}
				]
			},
			{
				"name": "body6",
				"parent": "body",
				"pivot": [-15, 9, -25],
				"rotation": [0, 35, 0],
				"cubes": [
					{"origin": [-17, 5, -25.3], "size": [4, 8, 2], "uv": [243, 29], "mirror": true}
				]
			},
			{
				"name": "body7",
				"parent": "body",
				"pivot": [-15, 9, -25],
				"rotation": [0, -35, 0],
				"cubes": [
					{"origin": [8, 5, -42.5], "size": [4, 8, 2], "uv": [243, 29]}
				]
			},
			{
				"name": "body4",
				"parent": "body",
				"pivot": [0, 27, 27],
				"rotation": [30, 0, 0],
				"cubes": [
					{"origin": [-17, 11, 24], "size": [2, 16, 1], "uv": [100, 0]},
					{"origin": [15, 11, 24], "size": [2, 16, 1], "uv": [100, 0]},
					{"origin": [-16.5, 11, 24], "size": [33, 16, 1], "uv": [106, 0]},
					{"origin": [-16.5, 33, 14], "size": [33, 4, 1], "uv": [188, 234]}
				]
			},
			{
				"name": "body8",
				"parent": "body",
				"pivot": [-18, 14, -4.5],
				"rotation": [0, 20, 0],
				"cubes": [
					{"origin": [-19, 11, -5], "size": [2, 6, 1], "uv": [250, 53], "mirror": true},
					{"origin": [-21, 11, -5], "size": [2, 6, 1], "uv": [250, 53]}
				]
			},
			{
				"name": "body9",
				"parent": "body",
				"pivot": [17, 14, -4.5],
				"rotation": [0, -20, 0],
				"cubes": [
					{"origin": [19, 11, -5], "size": [2, 6, 1], "uv": [250, 53], "mirror": true},
					{"origin": [17, 11, -5], "size": [2, 6, 1], "uv": [250, 53]}
				]
			},
			{
				"name": "body102",
				"parent": "body",
				"pivot": [0, 12.8, -18.5],
				"rotation": [30, 0, 0],
				"cubes": [
					{"origin": [-18, 10.3, -25], "size": [36, 1, 5], "uv": [160, 244], "mirror": true},
					{"origin": [-18, -13.7, 16.56922], "size": [36, 1, 5], "uv": [160, 244], "mirror": true}
				]
			},
			{
				"name": "body10",
				"parent": "body",
				"pivot": [0, 4.5, -9.5],
				"rotation": [55, 0, 0],
				"cubes": [
					{"origin": [-18, 7, -8], "size": [36, 5, 1], "uv": [160, 250], "mirror": true},
					{"origin": [-18, -32.3193, 19.53167], "size": [36, 5, 1], "uv": [160, 250], "mirror": true}
				]
			},
			{
				"name": "leg0",
				"pivot": [0, 4.5, -16.5],
				"cubes": [
					{"origin": [-17, 0, -20], "size": [2, 1, 7], "uv": [238, 15]},
					{"origin": [-17, 8, -20], "size": [2, 1, 7], "uv": [238, 15]},
					{"origin": [-17, 1, -20], "size": [2, 7, 7], "uv": [238, 15]},
					{"origin": [-17, 1, -21], "size": [2, 7, 1], "uv": [238, 15]},
					{"origin": [-17, 1, -13], "size": [2, 7, 1], "uv": [238, 15]},
					{"origin": [15, 0, -20], "size": [2, 1, 7], "uv": [238, 15]},
					{"origin": [15, 8, -20], "size": [2, 1, 7], "uv": [238, 15]},
					{"origin": [15, 1, -20], "size": [2, 7, 7], "uv": [238, 15], "mirror": true},
					{"origin": [15, 1, -21], "size": [2, 7, 1], "uv": [238, 15]},
					{"origin": [15, 1, -13], "size": [2, 7, 1], "uv": [238, 15]}
				]
			},
			{
				"name": "leg1",
				"pivot": [0, 4.5, 31.5],
				"cubes": [
					{"origin": [-17, 0, 28], "size": [2, 1, 7], "uv": [238, 15]},
					{"origin": [-17, 8, 28], "size": [2, 1, 7], "uv": [238, 15]},
					{"origin": [-17, 1, 28], "size": [2, 7, 7], "uv": [238, 15]},
					{"origin": [-17, 1, 27], "size": [2, 7, 1], "uv": [238, 15]},
					{"origin": [-17, 1, 35], "size": [2, 7, 1], "uv": [238, 15]},
					{"origin": [15, 0, 28], "size": [2, 1, 7], "uv": [238, 15]},
					{"origin": [15, 8, 28], "size": [2, 1, 7], "uv": [238, 15]},
					{"origin": [15, 1, 28], "size": [2, 7, 7], "uv": [238, 15], "mirror": true},
					{"origin": [15, 1, 27], "size": [2, 7, 1], "uv": [238, 15]},
					{"origin": [15, 1, 35], "size": [2, 7, 1], "uv": [238, 15]}
				]
			}
		]
	}
}