{
  "format_version": "1.13.0",
  "minecraft:entity": {
    "description": {
      "identifier": "aspire:ambulance",
      "is_spawnable": true,
      "is_summonable": true,
      "is_experimental": false
    },
    "component_groups": {
      "minecraft:minecar": {
        "minecraft:is_tamed": {},
        "minecraft:rideable": {
          "seat_count": 3,
          "crouching_skip_interact": false,

          "interact_text": "Drive",
          "pull_in_entities": true,
          "seats": [
            { "position": [0.75, 0.65, 1.32] },
            { "position": [-0.76, 0.65, 1.32] },
            { "position": [0, 1.15, -1.2] }
          ]
        }
      },
      "minecraft:horse_saddled": {
        "minecraft:input_ground_controlled": {},
        "minecraft:can_power_jump": {},
        "minecraft:behavior.player_ride_tamed": {}
      }
    },

    "components": {
      "minecraft:scale": {
        "value": 0.8
      },
      "minecraft:equippable": {
        "slots": [
          {
            "slot": 0,
            "item": "aspire:key",
            "accepted_items": ["aspire:key"],
            "on_equip": {
              "event": "minecraft:horse_saddled"
            },
            "on_unequip": {
              "event": "minecraft:horse_unsaddled"
            }
          }
        ]
      },
      "minecraft:type_family": {
        "family": ["aspire", "Xpander"]
      },
      "minecraft:horse.jump_strength": {
        "value": 0.5
      },
      "minecraft:breathable": {
        "total_supply": 15,
        "suffocate_time": -20,
        "inhale_time": 0,
        "breathes_air": true,
        "breathes_water": false,
        "breathes_lava": false,
        "breathes_solids": false,
        "generates_bubbles": true,
        "breathe_blocks": [],
        "non_breathe_blocks": []
      },
      "minecraft:is_chested": {},
      "minecraft:loot": {
        "table": "loot_tables/entities/ambulance.json"
      },
      "minecraft:collision_box": {
        "width": 1.3,
        "height": 0.9
      },
      "minecraft:health": {
        "value": {
          "range_min": 120,
          "range_max": 120
        }
      },
      "minecraft:inventory": {
        "inventory_size": 15,
        "container_type": "horse",
        "private": false
      },
      "minecraft:movement": {
        "value": {
          "range_min": 0.2,
          "range_max": 0.22
        }
      },
      "minecraft:physics": {
        "has_gravity": true
      },
      "minecraft:damage_sensor": {
        "triggers": [
          {
            "on_damage": {
              "filters": {
                "test": "has_damage",
                "subject": "self",
                "value": "fall"
              }
            },
            "deals_damage": "no"
          }
        ]
      },
      "minecraft:knockback_resistance": {
        "value": 100,
        "max": 100
      },
      "minecraft:navigation.walk": {
        "can_float": true,
        "avoid_water": false
      },
      "minecraft:movement.basic": {},
      "minecraft:jump.static": {},
      "minecraft:walk_animation_speed": {
        "value": 20
      },
      "minecraft:push_through": {
        "value": 1
      },
      "minecraft:nameable": {
        "always_show": false,
        "allow_name_tag_renaming": true
      }
    },

    "events": {
      "minecraft:entity_spawned": {
        "add":
          {
            "component_groups": ["minecraft:minecar"]
          }
      },
      "minecraft:horse_saddled": {
        "add": {
          "component_groups": ["minecraft:horse_saddled"]
        }
      },
      "minecraft:horse_unsaddled": {
        "remove": {
          "component_groups": ["minecraft:horse_saddled"]
        }
      }
    }
  }
}
