{
  "format_version": "1.13.0",
  "minecraft:entity": {
    "description": {
      "identifier": "aspire:car",
      "is_spawnable": true,
      "is_summonable": true,
      "is_experimental": false
    },
    "component_groups": {
      "minecraft:minecar": {
        "minecraft:is_tamed": {},
        "minecraft:rideable": {
          "seat_count": 4,
          "crouching_skip_interact": false,
          "family_types": ["player", "villager", "cat", "npc"],
          "interact_text": "Drive",
          "pull_in_entities": true,
          "seats": [
            { "position": [0.5, 0.4, -0.2] },
            { "position": [-0.5, 0.4, -0.2] },
            { "position": [0.5, 0.4, -1.1] },
            { "position": [-0.5, 0.4, -1.2] }
          ]
        }
      },
      "minecraft:bugfixer": {
        "minecraft:timer": {
          "time": [0.1, 0.1],
          "looping": false,
          "time_down_event": {
            "event": "minecraft:bugfix",
            "target": "self"
          }
        }
      },
      "minecraft:horse_saddled": {
        "minecraft:input_ground_controlled": {},
        "minecraft:can_power_jump": {},
        "minecraft:behavior.player_ride_tamed": {}
      },
      "minecraft:grey": {
        "minecraft:variant": {
          "value": 0
        }
      },
      "minecraft:red": {
        "minecraft:variant": {
          "value": 1
        }
      },
      "minecraft:green": {
        "minecraft:variant": {
          "value": 2
        }
      },
      "minecraft:blue": {
        "minecraft:variant": {
          "value": 3
        }
      },
      "minecraft:yellow": {
        "minecraft:variant": {
          "value": 4
        }
      },
      "minecraft:pink": {
        "minecraft:variant": {
          "value": 5
        }
      },
      "minecraft:black": {
        "minecraft:variant": {
          "value": 6
        }
      },
      "minecraft:purple": {
        "minecraft:variant": {
          "value": 7
        }
      },
      "minecraft:orange": {
        "minecraft:variant": {
          "value": 8
        }
      },
      "minecraft:brown": {
        "minecraft:variant": {
          "value": 9
        }
      },
      "minecraft:cyan": {
        "minecraft:variant": {
          "value": 10
        }
      }
    },

    "components": {
      "minecraft:scale": {
        "value": 1.0
      },
      "minecraft:equippable": {
        "slots": [
          {
            "slot": 0,
            "item": "aspire:key",
            "accepted_items": ["aspire:key"],
            "on_equip": {
              "event": "minecraft:horse_saddled"
            },
            "on_unequip": {
              "event": "minecraft:horse_unsaddled"
            }
          }
        ]
      },
      "minecraft:type_family": {
        "family": ["aspire", "Xpander"]
      },
      "minecraft:horse.jump_strength": {
        "value": 0.5
      },
      "minecraft:breathable": {
        "total_supply": 15,
        "suffocate_time": -20,
        "inhale_time": 0,
        "breathes_air": true,
        "breathes_water": false,
        "breathes_lava": false,
        "breathes_solids": false,
        "generates_bubbles": true,
        "breathe_blocks": [],
        "non_breathe_blocks": []
      },
      "minecraft:is_chested": {},
      "minecraft:loot": {
        "table": "loot_tables/entities/car.json"
      },
      "minecraft:collision_box": {
        "width": 1.3,
        "height": 0.9
      },
      "minecraft:health": {
        "value": {
          "range_min": 120,
          "range_max": 120
        }
      },
      "minecraft:inventory": {
        "inventory_size": 15,
        "container_type": "horse",
        "private": false
      },
      "minecraft:movement": {
        "value": {
          "range_min": 0.2,
          "range_max": 0.22
        }
      },
      "minecraft:interact": {
        "interactions": [
          {
            "on_interact": {
              "filters": {
                "all_of": [
                  {
                    "test": "has_equipment",
                    "subject": "other",
                    "domain": "hand",
                    "value": "dye:8"
                  },
                  {
                    "test": "is_family",
                    "subject": "other",
                    "value": "player"
                  },
                  {
                    "test": "has_ability",
                    "subject": "other",
                    "value": "instabuild"
                  }
                ]
              },
              "event": "minecraft:turn_grey"
            },
            "use_item": true,
            "play_sounds": "explode",
            "interact_text": "Paint into Grey?"
          },
          {
            "on_interact": {
              "filters": {
                "all_of": [
                  {
                    "test": "has_equipment",
                    "subject": "other",
                    "domain": "hand",
                    "value": "dye:1"
                  },
                  {
                    "test": "is_family",
                    "subject": "other",
                    "value": "player"
                  },
                  {
                    "test": "has_ability",
                    "subject": "other",
                    "value": "instabuild"
                  }
                ]
              },
              "event": "minecraft:turn_red"
            },
            "use_item": true,
            "play_sounds": "explode",
            "interact_text": "Paint into Red?"
          },
          {
            "on_interact": {
              "filters": {
                "all_of": [
                  {
                    "test": "has_equipment",
                    "subject": "other",
                    "domain": "hand",
                    "value": "dye:2"
                  },
                  {
                    "test": "is_family",
                    "subject": "other",
                    "value": "player"
                  },
                  {
                    "test": "has_ability",
                    "subject": "other",
                    "value": "instabuild"
                  }
                ]
              },
              "event": "minecraft:turn_green"
            },
            "use_item": true,
            "play_sounds": "explode",
            "interact_text": "Paint into Green?"
          },
          {
            "on_interact": {
              "filters": {
                "all_of": [
                  {
                    "test": "has_equipment",
                    "subject": "other",
                    "domain": "hand",
                    "value": "dye:18"
                  },
                  {
                    "test": "is_family",
                    "subject": "other",
                    "value": "player"
                  },
                  {
                    "test": "has_ability",
                    "subject": "other",
                    "value": "instabuild"
                  }
                ]
              },
              "event": "minecraft:turn_blue"
            },
            "use_item": true,
            "play_sounds": "explode",
            "interact_text": "Paint into Blue?"
          },
          {
            "on_interact": {
              "filters": {
                "all_of": [
                  {
                    "test": "has_equipment",
                    "subject": "other",
                    "domain": "hand",
                    "value": "dye:9"
                  },
                  {
                    "test": "is_family",
                    "subject": "other",
                    "value": "player"
                  },
                  {
                    "test": "has_ability",
                    "subject": "other",
                    "value": "instabuild"
                  }
                ]
              },
              "event": "minecraft:turn_pink"
            },
            "use_item": true,
            "play_sounds": "explode",
            "interact_text": "Paint into Pink?"
          },
          {
            "on_interact": {
              "filters": {
                "all_of": [
                  {
                    "test": "has_equipment",
                    "subject": "other",
                    "domain": "hand",
                    "value": "dye:16"
                  },
                  {
                    "test": "is_family",
                    "subject": "other",
                    "value": "player"
                  },
                  {
                    "test": "has_ability",
                    "subject": "other",
                    "value": "instabuild"
                  }
                ]
              },
              "event": "minecraft:turn_black"
            },
            "use_item": true,
            "play_sounds": "explode",
            "interact_text": "Paint into Black?"
          },
          {
            "on_interact": {
              "filters": {
                "all_of": [
                  {
                    "test": "has_equipment",
                    "subject": "other",
                    "domain": "hand",
                    "value": "dye:5"
                  },
                  {
                    "test": "is_family",
                    "subject": "other",
                    "value": "player"
                  },
                  {
                    "test": "has_ability",
                    "subject": "other",
                    "value": "instabuild"
                  }
                ]
              },
              "event": "minecraft:turn_purple"
            },
            "use_item": true,
            "play_sounds": "explode",
            "interact_text": "Paint into Purple?"
          },
          {
            "on_interact": {
              "filters": {
                "all_of": [
                  {
                    "any_of": [
                      {
                        "test": "has_equipment",
                        "subject": "other",
                        "domain": "hand",
                        "value": "dye:3"
                      },
                      {
                        "test": "has_equipment",
                        "subject": "other",
                        "domain": "hand",
                        "value": "dye:17"
                      }
                    ]
                  },
                  {
                    "test": "is_family",
                    "subject": "other",
                    "value": "player"
                  },
                  {
                    "test": "has_ability",
                    "subject": "other",
                    "value": "instabuild"
                  }
                ]
              },
              "event": "minecraft:turn_brown"
            },
            "use_item": true,
            "play_sounds": "explode",
            "interact_text": "Paint into Brown?"
          },
          {
            "on_interact": {
              "filters": {
                "all_of": [
                  {
                    "any_of": [
                      {
                        "test": "has_equipment",
                        "subject": "other",
                        "domain": "hand",
                        "value": "dye:14"
                      },
                      {
                        "test": "has_equipment",
                        "subject": "other",
                        "domain": "hand",
                        "value": "dye:17"
                      }
                    ]
                  },
                  {
                    "test": "is_family",
                    "subject": "other",
                    "value": "player"
                  },
                  {
                    "test": "has_ability",
                    "subject": "other",
                    "value": "instabuild"
                  }
                ]
              },
              "event": "minecraft:turn_orange"
            },
            "use_item": true,
            "play_sounds": "explode",
            "interact_text": "Paint into Orange?"
          },
          {
            "on_interact": {
              "filters": {
                "all_of": [
                  {
                    "any_of": [
                      {
                        "test": "has_equipment",
                        "subject": "other",
                        "domain": "hand",
                        "value": "dye:6"
                      },
                      {
                        "test": "has_equipment",
                        "subject": "other",
                        "domain": "hand",
                        "value": "dye:17"
                      }
                    ]
                  },
                  {
                    "test": "is_family",
                    "subject": "other",
                    "value": "player"
                  },
                  {
                    "test": "has_ability",
                    "subject": "other",
                    "value": "instabuild"
                  }
                ]
              },
              "event": "minecraft:turn_cyan"
            },
            "use_item": true,
            "play_sounds": "explode",
            "interact_text": "Paint into Cyan?"
          }
        ]
      },
      "minecraft:physics": {
        "has_gravity": true
      },
      "minecraft:fire_immune": {},
      "minecraft:knockback_resistance": {
        "value": 100,
        "max": 100
      },
      "minecraft:navigation.walk": {
        "can_float": true,
        "avoid_water": false
      },
      "minecraft:movement.basic": {},
      "minecraft:jump.static": {},
      "minecraft:walk_animation_speed": {
        "value": 20
      },
      "minecraft:push_through": {
        "value": 1
      },
      "minecraft:nameable": {}
    },

    "events": {
      "minecraft:entity_spawned": {
        "sequence": [
          {
            "add": {
              "component_groups": ["minecraft:minecar"]
            }
          },
          {
            "randomize": [
              {
                "weight": 100,
                "add": {
                  "component_groups": ["minecraft:grey"]
                }
              },
              {
                "weight": 100,
                "add": {
                  "component_groups": ["minecraft:red"]
                }
              },
              {
                "weight": 100,
                "add": {
                  "component_groups": ["minecraft:green"]
                }
              },
              {
                "weight": 100,
                "add": {
                  "component_groups": ["minecraft:blue"]
                }
              },
              {
                "weight": 100,
                "add": {
                  "component_groups": ["minecraft:yellow"]
                }
              },
              {
                "weight": 100,
                "add": {
                  "component_groups": ["minecraft:pink"]
                }
              },
              {
                "weight": 100,
                "add": {
                  "component_groups": ["minecraft:black"]
                }
              },
              {
                "weight": 100,
                "add": {
                  "component_groups": ["minecraft:purple"]
                }
              },
              {
                "weight": 100,
                "add": {
                  "component_groups": ["minecraft:orange"]
                }
              },
              {
                "weight": 100,
                "add": {
                  "component_groups": ["minecraft:brown"]
                }
              },
              {
                "weight": 100,
                "add": {
                  "component_groups": ["minecraft:cyan"]
                }
              }
            ]
          }
        ]
      },
      "minecraft:turn_grey": {
        "add": {
          "component_groups": ["minecraft:grey"]
        }
      },
      "minecraft:turn_red": {
        "add": {
          "component_groups": ["minecraft:red"]
        }
      },
      "minecraft:turn_green": {
        "add": {
          "component_groups": ["minecraft:green"]
        }
      },
      "minecraft:turn_blue": {
        "add": {
          "component_groups": ["minecraft:blue"]
        }
      },
      "minecraft:turn_yellow": {
        "add": {
          "component_groups": ["minecraft:yellow"]
        }
      },
      "minecraft:turn_pink": {
        "add": {
          "component_groups": ["minecraft:pink"]
        }
      },
      "minecraft:turn_black": {
        "add": {
          "component_groups": ["minecraft:black"]
        }
      },
      "minecraft:turn_purple": {
        "add": {
          "component_groups": ["minecraft:purple"]
        }
      },
      "minecraft:turn_orange": {
        "add": {
          "component_groups": ["minecraft:orange"]
        }
      },
      "minecraft:turn_brown": {
        "add": {
          "component_groups": ["minecraft:brown"]
        }
      },
      "minecraft:turn_cyan": {
        "add": {
          "component_groups": ["minecraft:cyan"]
        }
      },
      "minecraft:horse_saddled": {
        "add": {
          "component_groups": ["minecraft:horse_saddled"]
        }
      },
      "minecraft:horse_unsaddled": {
        "add": {
          "component_groups": ["minecraft:bugfixer"]
        },
        "remove": {
          "component_groups": ["minecraft:horse_saddled"]
        }
      },
      "minecraft:bugfix": {
        "add": {
          "component_groups": ["minecraft:minecar"]
        },
        "remove": {
          "component_groups": ["minecraft:bugfixer"]
        }
      }
    }
  }
}
