{
  "format_version": "1.13.0",
  "minecraft:entity": {
    "description": {
      "identifier": "aspire:plane",
      "is_spawnable": true,
      "is_summonable": true,
      "is_experimental": false
    },
    "component_groups": {
      "minecraft:fly_up": {
        "minecraft:navigation.walk": {
          "can_float": true,
          "avoid_water": false
        },
        "minecraft:equipment": {
          "table": "loot_tables/entities/plane.json"
        },
        "minecraft:input_ground_controlled": {},
        "minecraft:behavior.player_ride_tamed": {},
        "minecraft:movement": {
          "value": 0.23
        },
        "minecraft:physics": {
          "has_gravity": false
        },
        "minecraft:spell_effects": {
          "remove_effects": "levitation",
          "add_effects": [
            {
              "effect": "levitation",
              "amplifier": 2,
              "visible": false,
              "ambient": false,
              "duration": 9999
            }
          ]
        },
        "minecraft:is_tamed": {}
      },
      "minecraft:fly_down": {
        "minecraft:navigation.walk": {
          "can_float": true,
          "avoid_water": false
        },
        "minecraft:input_ground_controlled": {},
        "minecraft:behavior.player_ride_tamed": {},
        "minecraft:movement": {
          "value": 0.23
        },
        "minecraft:physics": {
          "has_gravity": false
        },
        "minecraft:spell_effects": {
          "remove_effects": "levitation",
          "add_effects": [
            {
              "effect": "levitation",
              "amplifier": 2,
              "visible": false,
              "ambient": false,
              "duration": 9999
            }
          ]
        },
        "minecraft:is_tamed": {}
      },
      "minecraft:ufo1": {
        "minecraft:variant": {
          "value": 2
        },
        "minecraft:timer": {
          "time": [0.08, 0.08],
          "looping": false,
          "time_down_event": {
            "event": "minecraft:g1m",
            "target": "self"
          }
        }
      },
      "minecraft:ufo2": {
        "minecraft:variant": {
          "value": 3
        },
        "minecraft:timer": {
          "time": [0.08, 0.08],
          "looping": false,
          "time_down_event": {
            "event": "minecraft:g2m",
            "target": "self"
          }
        }
      },
      "minecraft:ufo3": {
        "minecraft:variant": {
          "value": 4
        },
        "minecraft:timer": {
          "time": [0.08, 0.08],
          "looping": false,
          "time_down_event": {
            "event": "minecraft:g3m",
            "target": "self"
          }
        }
      },
      "minecraft:hit1": {
        "minecraft:damage_sensor": {
          "triggers": [
            {
              "on_damage": {
                "filters": {
                  "test": "is_family",
                  "subject": "other",
                  "value": "player"
                },
                "event": "h2"
              },
              "deals_damage": "no"
            }
          ]
        }
      },
      "minecraft:hit2": {
        "minecraft:damage_sensor": {
          "triggers": [
            {
              "on_damage": {
                "filters": {
                  "test": "is_family",
                  "subject": "other",
                  "value": "player"
                },
                "event": "h3"
              },
              "deals_damage": "no"
            }
          ]
        }
      },
      "minecraft:hit3": {
        "minecraft:damage_sensor": {
          "triggers": [
            {
              "on_damage": {
                "filters": {
                  "test": "is_family",
                  "subject": "other",
                  "value": "player"
                },
                "event": "h4"
              },
              "deals_damage": "no"
            }
          ]
        }
      },
      "minecraft:hit4": {
        "minecraft:damage_sensor": {
          "triggers": [
            {
              "on_damage": {
                "filters": {
                  "test": "is_family",
                  "subject": "other",
                  "value": "player"
                },
                "event": "remove"
              },
              "deals_damage": "no"
            }
          ]
        }
      },
      "minecraft:removed": {
        "minecraft:transformation": {
          "into": "minecraft:area_effect_cloud",
          "delay": 0.1,
          "drop_equipment": true
        },
        "minecraft:scale": {
          "value": 0.1
        }
      },
      "minecraft:f1": {
        "minecraft:scale": {
          "value": 1.45
        },
        "minecraft:behavior.send_event": {
          "priority": 5,
          "event_choices": [
            {
              "min_activation_range": 0.0,
              "max_activation_range": 3.0,
              "cooldown_time": 1.0,
              "cast_duration": 0.01,
              "weight": 3,
              "filters": {
                "all_of": [
                  {
                    "test": "is_family",
                    "subject": "other",
                    "value": "silverfish"
                  }
                ]
              },
              "sequence": [
                {
                  "base_delay": 0.01,
                  "event": "vladu11:remove",
                  "sound_event": "prepare.wololo"
                }
              ]
            }
          ]
        },
        "minecraft:timer": {
          "time": [0.05, 0.05],
          "looping": false,
          "time_down_event": {
            "event": "minecraft:f1m",
            "target": "self"
          }
        }
      },
      "minecraft:spawn_smoke": {
        "minecraft:timer": {
          "time": [0.2, 0.2],
          "looping": false,
          "time_down_event": {
            "event": "minecraft:horse_saddled",
            "target": "self"
          }
        }
      },
      "minecraft:f2": {
        "minecraft:scale": {
          "value": 1.47
        },
        "minecraft:timer": {
          "time": [0.05, 0.05],
          "looping": false,
          "time_down_event": {
            "event": "minecraft:f2m",
            "target": "self"
          }
        }
      },
      "minecraft:f3": {
        "minecraft:scale": {
          "value": 1.3
        },
        "minecraft:timer": {
          "time": [0.03, 0.03],
          "looping": false,
          "time_down_event": {
            "event": "minecraft:f3m",
            "target": "self"
          }
        }
      },
      "minecraft:f4": {
        "minecraft:scale": {
          "value": 1.2
        },
        "minecraft:timer": {
          "time": [0.03, 0.03],
          "looping": false,
          "time_down_event": {
            "event": "minecraft:f4m",
            "target": "self"
          }
        }
      },
      "minecraft:f5": {
        "minecraft:scale": {
          "value": 1
        },
        "minecraft:timer": {
          "time": [0.03, 0.03],
          "looping": false,
          "time_down_event": {
            "event": "minecraft:f5m",
            "target": "self"
          }
        }
      },
      "minecraft:f6": {
        "minecraft:scale": {
          "value": 0.8
        },
        "minecraft:timer": {
          "time": [0.03, 0.03],
          "looping": false,
          "time_down_event": {
            "event": "minecraft:f6m",
            "target": "self"
          }
        }
      },
      "minecraft:f7": {
        "minecraft:scale": {
          "value": 0.5
        },
        "minecraft:spawn_entity": {
          "entities": [
            {
              "spawn_entity": "aspire:plane",
              "spawn_event": "minecraft:f7m",
              "spawn_method": "born",
              "spawn_sound": "random.click",
              "min_wait_time": 0,
              "max_wait_time": 0
            }
          ]
        },
        "minecraft:transformation": {
          "into": "minecraft:area_effect_cloud",
          "delay": 0.02,
          "drop_equipment": true
        },
        "minecraft:timer": {
          "time": [2, 2],
          "looping": false,
          "time_down_event": {
            "event": "minecraft:f7m",
            "target": "self"
          }
        }
      }
    },

    "components": {
      "minecraft:type_family": {
        "family": ["ufo"]
      },
      "minecraft:scale": {
        "value": 1.3
      },
      "minecraft:rideable": {
        "seat_count": 4,
        "crouching_skip_interact": true,
        "family_types": ["player"],
        "interact_text": "Fly",
        "seats": [
          {
            "position": [0, 0.5, 2]
          },
          {
            "position": [-0, 0.5, 1]
          },
          {
            "position": [0, 0.5, 0]
          },
          {
            "position": [-0, 0.5, -1]
          }
        ]
      },
      "minecraft:collision_box": {
        "width": 0.9,
        "height": 2
      },

      "minecraft:movement.basic": {},
      "minecraft:can_fly": {},
      "minecraft:movement": {
        "value": 0.05
      },
      "minecraft:health": {
        "value": 10,
        "max": 10
      },
      "minecraft:navigation.walk": {
        "can_float": true,
        "avoid_water": false
      },
      "minecraft:physics": {},
      "minecraft:damage_sensor": {
        "triggers": [
          {
            "on_damage": {
              "filters": {
                "test": "is_family",
                "subject": "other",
                "value": "player"
              },
              "event": "h1"
            },
            "deals_damage": "no"
          },
          {
            "on_damage": {
              "filters": {
                "test": "has_damage",
                "subject": "self",
                "value": "fall"
              }
            },
            "deals_damage": "no"
          }
        ]
      },
      "minecraft:equippable": {
        "slots": [
          {
            "slot": 0,
            "item": "aspire:key",
            "accepted_items": ["aspire:key"],
            "on_equip": {
              "event": "minecraft:horse_saddled"
            },
            "on_unequip": {
              "event": "minecraft:horse_unsaddled"
            }
          }
        ]
      },
      "minecraft:inventory": {
        "inventory_size": 15,
        "container_type": "horse",
        "private": false
      }
    },

    "events": {
      "remove": {
        "add": {
          "component_groups": ["minecraft:f1"]
        },
        "remove": { "component_groups": ["minecraft:hit4"] }
      },
      "h1": {
        "add": { "component_groups": ["minecraft:hit1"] }
      },
      "h2": {
        "add": { "component_groups": ["minecraft:hit2"] }
      },
      "h3": {
        "add": { "component_groups": ["minecraft:hit3"] }
      },
      "h4": {
        "add": { "component_groups": ["minecraft:hit4"] }
      },
      "minecraft:f1m": {
        "remove": { "component_groups": ["minecraft:f1"] },
        "add": { "component_groups": ["minecraft:f2"] }
      },
      "minecraft:f2m": {
        "remove": { "component_groups": ["minecraft:f2"] },
        "add": { "component_groups": ["minecraft:f3"] }
      },
      "minecraft:f3m": {
        "remove": { "component_groups": ["minecraft:f3"] },
        "add": { "component_groups": ["minecraft:f4"] }
      },
      "minecraft:f4m": {
        "remove": { "component_groups": ["minecraft:f4"] },
        "add": { "component_groups": ["minecraft:f5"] }
      },
      "minecraft:f5m": {
        "remove": { "component_groups": ["minecraft:f5"] },
        "add": { "component_groups": ["minecraft:f6"] }
      },
      "minecraft:f6m": {
        "remove": { "component_groups": ["minecraft:f6"] },
        "add": { "component_groups": ["minecraft:f7"] }
      },
      "minecraft:f7m": {
        "add": { "component_groups": ["minecraft:removed"] }
      },
      "minecraft:ufo1m": {
        "add": { "component_groups": ["minecraft:ufo2"] }
      },
      "minecraft:ufo2m": {
        "add": { "component_groups": ["minecraft:ufo3"] }
      },
      "minecraft:ufo3m": {
        "add": { "component_groups": ["minecraft:ufo1"] }
      },
      "minecraft:horse_saddled": {
        "add": { "component_groups": ["minecraft:fly_up", "minecraft:ufo1"] }
      },
      "minecraft:horse_unsaddled": {
        "remove": {
          "component_groups": [
            "minecraft:ufo1",
            "minecraft:ufo2",
            "minecraft:ufo3",
            "minecraft:fly_up"
          ]
        },
        "add": { "component_groups": ["minecraft:fly_down", "minecraft:ufo1"] }
      }
    }
  }
}
