{
  "format_version": "1.13.0",
  "minecraft:entity": {
    "description": {
      "identifier": "aspire:speedboat",
      "is_spawnable": true,
      "is_summonable": true,
      "is_experimental": false
    },
    "component_groups": {
      "minecraft:ranger": {
        "minecraft:is_tamed": {},
        "minecraft:rideable": {
          "seat_count": 1,
          "crouching_skip_interact": true,
          "family_types": ["player"],
          "interact_text": "Drive",
          "seats": [
            {
              "position": [0.0, 0.85, -0]
            }
          ]
        }
      },
      "minecraft:bugfixer": {
        "minecraft:timer": {
          "time": [0.1, 0.1],
          "looping": false,
          "time_down_event": {
            "event": "minecraft:bugfix",
            "target": "self"
          }
        }
      },
      "minecraft:horse_saddled": {
        "minecraft:input_ground_controlled": {},
        "minecraft:can_power_jump": {},
        "minecraft:behavior.player_ride_tamed": {}
      }
    },
    "components": {
      "minecraft:loot": {
        "table": "loot_tables/entities/aquatopia.json"
      },
      "minecraft:scale": {
        "value": 1.1
      },
      "minecraft:equippable": {
        "slots": [
          {
            "slot": 0,
            "item": "aspire:key",
            "accepted_items": ["aspire:key"],
            "on_equip": {
              "event": "minecraft:horse_saddled"
            },
            "on_unequip": {
              "event": "minecraft:horse_unsaddled"
            }
          }
        ]
      },
      "minecraft:type_family": {
        "family": ["horse"]
      },
      "minecraft:breathable": {
        "total_supply": 15,
        "suffocate_time": -20,
        "inhale_time": 0,
        "breathes_air": true,
        "breathes_water": false,
        "breathes_lava": false,
        "breathes_solids": false,
        "generates_bubbles": true,
        "breathe_blocks": [],
        "non_breathe_blocks": []
      },
      "minecraft:collision_box": {
        "width": 1.4,
        "height": 1.6
      },
      "minecraft:health": {
        "value": {
          "range_min": 150,
          "range_max": 150
        }
      },
      "minecraft:inventory": {
        "inventory_size": 15,
        "container_type": "horse",
        "private": false
      },
      "minecraft:movement": {
        "value": {
          "range_min": 0.1125,
          "range_max": 1.3375
        }
      },
      "minecraft:navigation.walk": {
        "can_path_over_water": true,
        "avoid_water": false,
        "avoid_damage_blocks": true
      },
      "minecraft:movement.basic": {},
      "minecraft:jump.static": {},
      "minecraft:nameable": {},
      "minecraft:horse.jump_strength": {
        "value": {
          "range_min": 0.4,
          "range_max": 1.0
        }
      },
      "minecraft:balloonable": {},
      "minecraft:behavior.float": {
        "priority": 0
      },
      "minecraft:is_chested": {},
      "minecraft:physics": {}
    },

    "events": {
      "minecraft:entity_spawned": {
        "add": {
          "component_groups": ["minecraft:ranger"]
        }
      },
      "minecraft:horse_saddled": {
        "add": {
          "component_groups": ["minecraft:horse_saddled"]
        }
      },
      "minecraft:horse_unsaddled": {
        "remove": {
          "component_groups": ["minecraft:horse_saddled"]
        }
      },
      "minecraft:bugfix": {
        "remove": {
          "component_groups": ["minecraft:bugfixer"]
        }
      }
    }
  }
}
